network_id,n_controls,total_Q,method,converged,iters_to_converge,runtime_to_converge_s,avg_regret_at_converge,total_iters,total_runtime_s,converged_minmax_value,final_opt_gap,v_opt,epsilon,samples,final_ell,final_indices
0,13,46,1,True,5,0.008909,0.00087092,5,0.008909,0.00004637,0.00000000,0.00004637,0.001,,"{""v0"": 0.015385, ""v1"": 0.035483, ""v2"": 0.148089, ""v3"": 0.148665, ""v4"": 0.171282, ""v5"": 0.015385, ""v6"": 0.04571, ""v7"": 0.015385, ""v8"": 0.015385, ""v9"": 0.039743, ""v10"": 0.015385, ""v11"": 0.16723, ""v12"": 0.166875}","{""v0"": [4.7e-05, 4.6e-05, 4.3e-05, 3.3e-05], ""v1"": [3.9e-05, 3.2e-05, 3.1e-05, 2.6e-05, 2.4e-05, 2.3e-05, 2e-05], ""v2"": [5.8e-05, 2.9e-05, 2.4e-05, 1.8e-05], ""v3"": [0.000302, 0.000191, 0.00014], ""v4"": [0.001563, 0.00145, 0.000966], ""v5"": [0.010306], ""v6"": [0.009838, 0.008767, 0.007958], ""v7"": [0.012934, 0.010215], ""v8"": [0.015781, 0.013026, 0.011448], ""v9"": [0.013231, 0.013167, 0.01209, 0.009866, 0.008384], ""v10"": [0.017155, 0.01679, 0.016365, 0.013509], ""v11"": [0.020916, 0.020393], ""v12"": [0.150587, 0.146969, 0.137865, 0.12941, 0.105852]}"
0,13,46,2,True,6,0.069948,0.00085301,6,0.069948,0.00003628,-0.00001009,0.00004637,0.001,100,"{""v0"": 0.023475, ""v1"": 0.029494, ""v2"": 0.15223, ""v3"": 0.167074, ""v4"": 0.168771, ""v5"": 0.012821, ""v6"": 0.035589, ""v7"": 0.012821, ""v8"": 0.012821, ""v9"": 0.034367, ""v10"": 0.012821, ""v11"": 0.169517, ""v12"": 0.168202}","{""v0"": [3.7e-05, 3.6e-05, 3.2e-05, 2.3e-05], ""v1"": [3.5e-05, 3.1e-05, 2.9e-05, 2.5e-05, 2.3e-05, 2.2e-05, 2e-05], ""v2"": [5e-05, 2.5e-05, 2e-05, 1.5e-05], ""v3"": [0.00027, 0.000168, 0.000122], ""v4"": [0.001692, 0.00157, 0.001047], ""v5"": [0.011026], ""v6"": [0.011008, 0.009995, 0.009204], ""v7"": [0.013442, 0.01094], ""v8"": [0.015881, 0.013438, 0.011983], ""v9"": [0.013529, 0.01347, 0.012478, 0.010371, 0.008924], ""v10"": [0.017056, 0.016746, 0.016384, 0.013875], ""v11"": [0.020134, 0.019629], ""v12"": [0.14851, 0.144933, 0.135935, 0.127581, 0.104316]}"
1,14,45,1,True,24980,52.028854,0.00099922,24980,52.028854,0.01343563,0.00000000,0.01343563,0.001,,"{""v0"": 0.181631, ""v1"": 0.231537, ""v2"": 0.118366, ""v3"": 0.089765, ""v4"": 0.133987, ""v5"": 0.038617, ""v6"": 0.072353, ""v7"": 0.057226, ""v8"": 0.071512, ""v9"": 0.001519, ""v10"": 0.001492, ""v11"": 0.001616, ""v12"": 0.000378, ""v13"": 3e-06}","{""v0"": [0.013412], ""v1"": [0.013439, 0.010743, 0.007485], ""v2"": [0.013413, 0.006877], ""v3"": [0.070102, 0.06121, 0.048769, 0.03499, 0.03203], ""v4"": [0.232324, 0.229131, 0.207105, 0.171107], ""v5"": [0.232058, 0.214417], ""v6"": [0.376687, 0.373526, 0.371196, 0.302192], ""v7"": [0.231332, 0.193086], ""v8"": [0.439202, 0.422824, 0.399969, 0.312642], ""v9"": [0.983046, 0.980623, 0.972278, 0.968437], ""v10"": [0.983559, 0.980091, 0.93066], ""v11"": [0.981232, 0.97542, 0.973663, 0.951548, 0.94338], ""v12"": [0.986653], ""v13"": [0.999967, 0.999963, 0.999957, 0.999951, 0.999861]}"
1,14,45,2,True,26780,247.103400,0.00099990,26780,247.103400,0.01345918,0.00002355,0.01343563,0.001,100,"{""v0"": 0.181292, ""v1"": 0.231328, ""v2"": 0.118183, ""v3"": 0.089893, ""v4"": 0.134373, ""v5"": 0.038847, ""v6"": 0.072596, ""v7"": 0.05767, ""v8"": 0.07136, ""v9"": 0.001445, ""v10"": 0.001072, ""v11"": 0.001301, ""v12"": 0.000628, ""v13"": 1.2e-05}","{""v0"": [0.013457], ""v1"": [0.013461, 0.010761, 0.007498], ""v2"": [0.013415, 0.00688], ""v3"": [0.069961, 0.061083, 0.048662, 0.034908, 0.031954], ""v4"": [0.232219, 0.229023, 0.206983, 0.170974], ""v5"": [0.231568, 0.213892], ""v6"": [0.376921, 0.373752, 0.371417, 0.302272], ""v7"": [0.23142, 0.192988], ""v8"": [0.441488, 0.425046, 0.402099, 0.314391], ""v9"": [0.98387, 0.981562, 0.973611, 0.969949], ""v10"": [0.988153, 0.985641, 0.949275], ""v11"": [0.984852, 0.980139, 0.978712, 0.960665, 0.953959], ""v12"": [0.977888], ""v13"": [0.999856, 0.999841, 0.999816, 0.999787, 0.9994]}"
2,13,31,1,True,34093,49.311967,0.00099989,34093,49.311967,0.01722821,0.00000000,0.01722821,0.001,,"{""v0"": 0.041099, ""v1"": 0.021224, ""v2"": 0.038534, ""v3"": 0.025717, ""v4"": 0.000154, ""v5"": 3.7e-05, ""v6"": 0.160949, ""v7"": 0.154955, ""v8"": 0.276023, ""v9"": 0.16098, ""v10"": 2.4e-05, ""v11"": 0.061822, ""v12"": 0.058482}","{""v0"": [0.017251, 0.013161, 0.012453, 0.011775], ""v1"": [0.017175, 0.013251], ""v2"": [0.01716, 0.01272, 0.010702], ""v3"": [0.017157, 0.013549], ""v4"": [0.027635, 0.027571], ""v5"": [0.027698, 0.027695, 0.027694], ""v6"": [0.027683, 0.02056, 0.010419], ""v7"": [0.161189, 0.074918], ""v8"": [0.027709, 0.00813, 0.00799], ""v9"": [0.02771], ""v10"": [0.511014], ""v11"": [0.510408, 0.343809], ""v12"": [0.511202, 0.361796, 0.345879]}"
2,13,31,2,True,37069,271.548152,0.00099995,37069,271.548152,0.01720046,-0.00002775,0.01722821,0.001,100,"{""v0"": 0.041194, ""v1"": 0.021239, ""v2"": 0.038195, ""v3"": 0.02568, ""v4"": 0.000192, ""v5"": 4.5e-05, ""v6"": 0.160903, ""v7"": 0.15508, ""v8"": 0.276638, ""v9"": 0.161612, ""v10"": 2e-06, ""v11"": 0.06119, ""v12"": 0.058028}","{""v0"": [0.017216, 0.013128, 0.012422, 0.011744], ""v1"": [0.017154, 0.013233], ""v2"": [0.017213, 0.01278, 0.010761], ""v3"": [0.017139, 0.013538], ""v4"": [0.027589, 0.027511], ""v5"": [0.027668, 0.027665, 0.027663], ""v6"": [0.027661, 0.020544, 0.010412], ""v7"": [0.160973, 0.074807], ""v8"": [0.027683, 0.00812, 0.00798], ""v9"": [0.027656], ""v10"": [0.513829], ""v11"": [0.513846, 0.34692], ""v12"": [0.513774, 0.364176, 0.348212]}"
3,12,43,1,True,247637,655.253314,0.00099988,247637,655.253314,0.08585148,0.00000000,0.08585148,0.001,,"{""v0"": 0.128859, ""v1"": 0.000237, ""v2"": 0.0, ""v3"": 0.0, ""v4"": 0.0, ""v5"": 0.19941, ""v6"": 0.225976, ""v7"": 0.000896, ""v8"": 0.000889, ""v9"": 0.000968, ""v10"": 0.223315, ""v11"": 0.219449}","{""v0"": [0.085853], ""v1"": [0.996946, 0.995847, 0.992902], ""v2"": [0.999995, 0.999992, 0.999992, 0.999985], ""v3"": [0.999995, 0.999993], ""v4"": [0.999996, 0.999994, 0.999991], ""v5"": [0.085846, 0.080428, 0.079334, 0.046119, 0.042535, 0.040842, 0.038968], ""v6"": [0.085846, 0.074677, 0.07096, 0.052547, 0.048069, 0.04005, 0.028717], ""v7"": [0.085398, 0.084965], ""v8"": [0.085395, 0.0843, 0.08346], ""v9"": [0.085011, 0.083812, 0.083631], ""v10"": [0.08639, 0.07554, 0.062185, 0.034318], ""v11"": [0.086385, 0.066822, 0.053713, 0.029969]}"
3,12,43,2,True,248361,1030.069095,0.00099999,248361,1030.069095,0.08585944,0.00000797,0.08585148,0.001,100,"{""v0"": 0.128878, ""v1"": 0.0, ""v2"": 0.0, ""v3"": 1e-06, ""v4"": 0.000219, ""v5"": 0.199395, ""v6"": 0.225963, ""v7"": 0.000935, ""v8"": 0.000928, ""v9"": 0.001017, ""v10"": 0.223267, ""v11"": 0.219396}","{""v0"": [0.085832], ""v1"": [0.999996, 0.999994, 0.99999], ""v2"": [0.999995, 0.999992, 0.999992, 0.999985], ""v3"": [0.999983, 0.999975], ""v4"": [0.997118, 0.99591, 0.993891], ""v5"": [0.08586, 0.080441, 0.079347, 0.046126, 0.042542, 0.040848, 0.038974], ""v6"": [0.085857, 0.074687, 0.070969, 0.052554, 0.048076, 0.040056, 0.028721], ""v7"": [0.085398, 0.084945], ""v8"": [0.085394, 0.084252, 0.083377], ""v9"": [0.084984, 0.083727, 0.083538], ""v10"": [0.086432, 0.075577, 0.062217, 0.034336], ""v11"": [0.086433, 0.06686, 0.053744, 0.029987]}"
4,14,47,1,True,198788,541.056735,0.00099980,198788,541.056735,0.05556835,0.00000000,0.05556835,0.001,,"{""v0"": 0.230509, ""v1"": 0.000308, ""v2"": 1e-06, ""v3"": 0.0, ""v4"": 0.0, ""v5"": 0.276054, ""v6"": 0.08084, ""v7"": 0.105433, ""v8"": 0.07063, ""v9"": 0.0, ""v10"": 0.00029, ""v11"": 1e-06, ""v12"": 0.12456, ""v13"": 0.111375}","{""v0"": [0.055551, 0.026549], ""v1"": [0.995051, 0.994234], ""v2"": [0.999987, 0.999983], ""v3"": [0.99999, 0.99999, 0.999981, 0.999979], ""v4"": [0.999995, 0.999995, 0.999995, 0.999994], ""v5"": [0.055569, 0.05325, 0.043101, 0.035459, 0.033457], ""v6"": [0.055198, 0.049349, 0.047339], ""v7"": [0.135117, 0.124994, 0.114222, 0.098174], ""v8"": [0.455008, 0.295086, 0.275841, 0.256378, 0.232182, 0.211358], ""v9"": [0.055343, 0.055342, 0.055342], ""v10"": [0.055123, 0.055111, 0.055104], ""v11"": [0.055342, 0.055342, 0.055342], ""v12"": [0.055343, 0.045377, 0.035082], ""v13"": [0.245959, 0.147906, 0.091]}"
4,14,47,2,True,184581,1163.979506,0.00099951,184581,1163.979506,0.05553796,-0.00003038,0.05556835,0.001,100,"{""v0"": 0.23053, ""v1"": 3e-06, ""v2"": 2e-06, ""v3"": 8e-06, ""v4"": 0.000262, ""v5"": 0.276109, ""v6"": 0.081045, ""v7"": 0.10535, ""v8"": 0.07066, ""v9"": 1.8e-05, ""v10"": 5e-06, ""v11"": 6e-06, ""v12"": 0.124691, ""v13"": 0.111311}","{""v0"": [0.055524, 0.026536], ""v1"": [0.999957, 0.99995], ""v2"": [0.999951, 0.999935], ""v3"": [0.99674, 0.996739, 0.996585, 0.996548], ""v4"": [0.996835, 0.996835, 0.996673, 0.996143], ""v5"": [0.055538, 0.053221, 0.043077, 0.035439, 0.033439], ""v6"": [0.055109, 0.049261, 0.047252], ""v7"": [0.135194, 0.125068, 0.114293, 0.09824], ""v8"": [0.45486, 0.294962, 0.275722, 0.256264, 0.232075, 0.211258], ""v9"": [0.05529, 0.055289, 0.05528], ""v10"": [0.055299, 0.055299, 0.055299], ""v11"": [0.055298, 0.055298, 0.055295], ""v12"": [0.055303, 0.045341, 0.035051], ""v13"": [0.246135, 0.148025, 0.091078]}"
5,15,39,1,True,83,0.132588,0.00099315,83,0.132588,0.00006068,0.00000000,0.00006068,0.001,,"{""v0"": 0.000808, ""v1"": 0.000803, ""v2"": 0.000803, ""v3"": 0.078903, ""v4"": 0.000803, ""v5"": 0.000803, ""v6"": 0.000803, ""v7"": 0.000803, ""v8"": 0.000803, ""v9"": 0.235874, ""v10"": 0.12677, ""v11"": 0.007825, ""v12"": 0.000803, ""v13"": 0.282027, ""v14"": 0.261367}","{""v0"": [6.4e-05, 6.4e-05, 6.4e-05], ""v1"": [6.4e-05, 6.4e-05, 6.4e-05, 6.3e-05], ""v2"": [6.4e-05], ""v3"": [2.6e-05, 2.5e-05, 2.1e-05], ""v4"": [6.3e-05, 6.3e-05, 6.2e-05], ""v5"": [6.4e-05, 6.4e-05, 6.3e-05], ""v6"": [5.8e-05, 5.8e-05, 5.6e-05], ""v7"": [6e-05, 6e-05], ""v8"": [6.3e-05], ""v9"": [6.5e-05], ""v10"": [0.00062, 0.000438], ""v11"": [0.0023, 0.001978], ""v12"": [0.002797, 0.002795, 0.002772], ""v13"": [0.002824, 0.00276, 0.002617, 0.000946], ""v14"": [0.062537, 0.055643, 0.029709, 0.017469]}"
5,15,39,2,True,84,1.145589,0.00099205,84,1.145589,0.00005955,-0.00000113,0.00006068,0.001,100,"{""v0"": 0.000794, ""v1"": 0.000794, ""v2"": 0.000794, ""v3"": 0.085701, ""v4"": 0.000794, ""v5"": 0.000794, ""v6"": 0.000794, ""v7"": 0.000794, ""v8"": 0.000794, ""v9"": 0.229712, ""v10"": 0.11442, ""v11"": 0.003467, ""v12"": 0.000794, ""v13"": 0.296871, ""v14"": 0.262686}","{""v0"": [6.3e-05, 6.3e-05, 6.3e-05], ""v1"": [6.3e-05, 6.3e-05, 6.3e-05, 6.3e-05], ""v2"": [6.3e-05], ""v3"": [2.3e-05, 2.3e-05, 1.9e-05], ""v4"": [6.2e-05, 6.2e-05, 6.1e-05], ""v5"": [6.3e-05, 6.3e-05, 6.2e-05], ""v6"": [5.7e-05, 5.7e-05, 5.6e-05], ""v7"": [5.9e-05, 5.9e-05], ""v8"": [6.2e-05], ""v9"": [6.4e-05], ""v10"": [0.000602, 0.00043], ""v11"": [0.002171, 0.002013], ""v12"": [0.002374, 0.002373, 0.002354], ""v13"": [0.002397, 0.002342, 0.00222, 0.000799], ""v14"": [0.061708, 0.0549, 0.029302, 0.017227]}"
6,14,46,1,True,13831,25.088430,0.00099992,13831,25.088430,0.00343132,0.00000000,0.00343132,0.001,,"{""v0"": 0.452042, ""v1"": 0.517388, ""v2"": 0.001948, ""v3"": 0.00216, ""v4"": 0.000791, ""v5"": 0.00048, ""v6"": 0.001151, ""v7"": 0.002164, ""v8"": 0.006838, ""v9"": 5e-06, ""v10"": 1.3e-05, ""v11"": 0.000122, ""v12"": 0.00707, ""v13"": 0.007828}","{""v0"": [0.003431], ""v1"": [0.003422, 0.003161, 0.00271, 0.001661, 0.001517], ""v2"": [0.881167, 0.830736], ""v3"": [0.880038, 0.871619, 0.829314], ""v4"": [0.875428, 0.873966, 0.872701, 0.870391, 0.848094], ""v5"": [0.888284, 0.873417], ""v6"": [0.89531, 0.876118, 0.867715], ""v7"": [0.881067, 0.868037, 0.864731], ""v8"": [0.909036, 0.895123, 0.870049], ""v9"": [0.904581, 0.904486], ""v10"": [0.904666, 0.904627, 0.904529, 0.904515], ""v11"": [0.903391, 0.902891, 0.902733, 0.901916], ""v12"": [0.904867, 0.904296, 0.871016, 0.850665, 0.789585, 0.750874], ""v13"": [0.910445, 0.876201, 0.802425]}"
6,14,46,2,True,14960,143.617425,0.00099971,14960,143.617425,0.00344142,0.00001010,0.00343132,0.001,100,"{""v0"": 0.452076, ""v1"": 0.516959, ""v2"": 0.001855, ""v3"": 0.002101, ""v4"": 0.000632, ""v5"": 0.000319, ""v6"": 0.001187, ""v7"": 0.002349, ""v8"": 0.007123, ""v9"": 0.000257, ""v10"": 5e-06, ""v11"": 0.000576, ""v12"": 0.006827, ""v13"": 0.007731}","{""v0"": [0.003435], ""v1"": [0.003441, 0.003179, 0.002725, 0.00167, 0.001525], ""v2"": [0.882953, 0.834647], ""v3"": [0.881279, 0.873071, 0.831763], ""v4"": [0.880224, 0.878954, 0.877827, 0.875734, 0.857251], ""v5"": [0.890621, 0.880411], ""v6"": [0.89531, 0.87553, 0.866882], ""v7"": [0.879078, 0.865009, 0.861444], ""v8"": [0.905471, 0.891079, 0.865183], ""v9"": [0.904796, 0.901256], ""v10"": [0.907854, 0.907839, 0.907802, 0.907797], ""v11"": [0.901413, 0.899068, 0.898329, 0.894515], ""v12"": [0.907931, 0.907376, 0.875019, 0.855194, 0.795522, 0.757567], ""v13"": [0.911492, 0.877595, 0.804464]}"
7,12,31,1,True,601,0.655796,0.00099868,601,0.655796,0.00003880,0.00000000,0.00003880,0.001,,"{""v0"": 0.000251, ""v1"": 0.011087, ""v2"": 0.000139, ""v3"": 0.000139, ""v4"": 0.955552, ""v5"": 0.001752, ""v6"": 0.000682, ""v7"": 0.001307, ""v8"": 0.000139, ""v9"": 0.000139, ""v10"": 0.001892, ""v11"": 0.026922}","{""v0"": [3.9e-05, 3.9e-05, 3.9e-05, 3.9e-05], ""v1"": [3.4e-05], ""v2"": [3.9e-05, 3.9e-05, 3.9e-05], ""v3"": [3.9e-05], ""v4"": [3.9e-05, 3.5e-05, 3.5e-05, 2.4e-05, 2.1e-05], ""v5"": [0.95422, 0.939298], ""v6"": [0.952974, 0.950828], ""v7"": [0.972287, 0.968609, 0.95434], ""v8"": [0.996665, 0.992969], ""v9"": [0.998365, 0.997912], ""v10"": [0.975407, 0.958308, 0.947687, 0.930447], ""v11"": [0.697037, 0.648824]}"
7,12,31,2,True,591,5.535943,0.00099880,591,5.535943,0.00003856,-0.00000025,0.00003880,0.001,100,"{""v0"": 0.000141, ""v1"": 0.010441, ""v2"": 0.000141, ""v3"": 0.000141, ""v4"": 0.948463, ""v5"": 0.005549, ""v6"": 0.002455, ""v7"": 0.003515, ""v8"": 0.000141, ""v9"": 0.000141, ""v10"": 0.004555, ""v11"": 0.024318}","{""v0"": [3.9e-05, 3.9e-05, 3.9e-05, 3.8e-05], ""v1"": [3.4e-05], ""v2"": [3.9e-05, 3.9e-05, 3.8e-05], ""v3"": [3.8e-05], ""v4"": [3.9e-05, 3.5e-05, 3.5e-05, 2.4e-05, 2.1e-05], ""v5"": [0.879898, 0.839022], ""v6"": [0.869331, 0.862728], ""v7"": [0.933212, 0.924055, 0.889561], ""v8"": [0.996608, 0.992851], ""v9"": [0.998337, 0.997877], ""v10"": [0.942047, 0.904035, 0.881303, 0.845745], ""v11"": [0.720822, 0.674628]}"
8,14,49,1,True,20590,43.931607,0.00099997,20590,43.931607,0.00354531,0.00000000,0.00354531,0.001,,"{""v0"": 0.470402, ""v1"": 0.000819, ""v2"": 0.00022, ""v3"": 0.25593, ""v4"": 0.261213, ""v5"": 3.1e-05, ""v6"": 5.6e-05, ""v7"": 0.002463, ""v8"": 7e-06, ""v9"": 5e-06, ""v10"": 0.000272, ""v11"": 0.001821, ""v12"": 0.00334, ""v13"": 0.003423}","{""v0"": [0.003544], ""v1"": [0.003525, 0.003522, 0.003522], ""v2"": [0.003546, 0.003544, 0.003542, 0.003528], ""v3"": [0.003558, 0.002371, 0.00145], ""v4"": [0.056764, 0.05642, 0.031722], ""v5"": [0.960406, 0.960303, 0.960244, 0.959312], ""v6"": [0.959893, 0.959271], ""v7"": [0.960942, 0.950179, 0.905213], ""v8"": [0.955117, 0.955067, 0.955036, 0.95501, 0.954875], ""v9"": [0.955186, 0.955176, 0.955071, 0.954861], ""v10"": [0.955317, 0.954597, 0.953839, 0.952739, 0.948706], ""v11"": [0.961778, 0.950872, 0.94711], ""v12"": [0.961938, 0.959238, 0.953084, 0.94455, 0.944084], ""v13"": [0.949882, 0.897616, 0.890156, 0.885346]}"
8,14,49,2,True,25439,248.082290,0.00099958,25439,248.082290,0.00355354,0.00000823,0.00354531,0.001,100,"{""v0"": 0.470604, ""v1"": 0.000532, ""v2"": 0.000922, ""v3"": 0.252416, ""v4"": 0.264738, ""v5"": 4e-06, ""v6"": 0.000236, ""v7"": 0.002623, ""v8"": 0.000213, ""v9"": 0.000397, ""v10"": 8.7e-05, ""v11"": 0.001666, ""v12"": 0.002931, ""v13"": 0.002629}","{""v0"": [0.003554], ""v1"": [0.003553, 0.003551, 0.00355], ""v2"": [0.003523, 0.003513, 0.003508, 0.003451], ""v3"": [0.003574, 0.002383, 0.001459], ""v4"": [0.055022, 0.054688, 0.030719], ""v5"": [0.958411, 0.958398, 0.958391, 0.958273], ""v6"": [0.954106, 0.951526], ""v7"": [0.958479, 0.947075, 0.899603], ""v8"": [0.957568, 0.956256, 0.955453, 0.954802, 0.952319], ""v9"": [0.953517, 0.952991, 0.948064, 0.938749], ""v10"": [0.962845, 0.962611, 0.962364, 0.962006, 0.960398], ""v11"": [0.964936, 0.954889, 0.951419], ""v12"": [0.966502, 0.964113, 0.958663, 0.951092, 0.950679], ""v13"": [0.961201, 0.919741, 0.913738, 0.909856]}"
9,10,23,1,True,378,0.310721,0.00099806,378,0.310721,0.00007414,0.00000000,0.00007414,0.001,,"{""v0"": 0.014147, ""v1"": 0.069331, ""v2"": 0.00815, ""v3"": 0.125018, ""v4"": 0.767857, ""v5"": 0.000265, ""v6"": 0.000265, ""v7"": 0.000414, ""v8"": 0.000265, ""v9"": 0.014289}","{""v0"": [7.4e-05, 7.2e-05, 7.1e-05, 6.8e-05], ""v1"": [9.1e-05, 6.7e-05], ""v2"": [0.000285, 0.000278, 0.000274, 0.000261, 0.00024], ""v3"": [7.4e-05, 6.3e-05], ""v4"": [0.000312, 0.000121], ""v5"": [0.989021, 0.979053], ""v6"": [0.995017, 0.990002], ""v7"": [0.99351], ""v8"": [0.996261], ""v9"": [0.851465, 0.846108]}"
9,10,23,2,True,357,1.798148,0.00099896,357,1.798148,0.00007175,-0.00000239,0.00007414,0.001,100,"{""v0"": 0.013294, ""v1"": 0.062523, ""v2"": 0.010815, ""v3"": 0.118836, ""v4"": 0.777736, ""v5"": 0.00028, ""v6"": 0.00028, ""v7"": 0.00028, ""v8"": 0.000352, ""v9"": 0.015603}","{""v0"": [7.2e-05, 7e-05, 6.9e-05, 6.6e-05], ""v1"": [8.8e-05, 6.5e-05], ""v2"": [0.00025, 0.000242, 0.000238, 0.000224, 0.000201], ""v3"": [7.2e-05, 6.1e-05], ""v4"": [0.000282, 0.00011], ""v5"": [0.988381, 0.977844], ""v6"": [0.994725, 0.989419], ""v7"": [0.995605], ""v8"": [0.995022], ""v9"": [0.839082, 0.833365]}"
10,12,38,1,False,,,0.00101239,500000,1075.504489,0.15650486,0.00000000,0.15650486,0.001,,"{""v0"": 0.157441, ""v1"": 0.173949, ""v2"": 0.175123, ""v3"": 0.000209, ""v4"": 0.0, ""v5"": 0.0, ""v6"": 0.000244, ""v7"": 0.0, ""v8"": 0.131293, ""v9"": 0.01109, ""v10"": 0.175359, ""v11"": 0.175292}","{""v0"": [0.156442, 0.07639], ""v1"": [0.156487, 0.143013, 0.141885, 0.126168, 0.095055], ""v2"": [0.156505], ""v3"": [0.155402, 0.155202, 0.154962], ""v4"": [0.155859, 0.155859, 0.155858, 0.155858], ""v5"": [0.155859, 0.155859, 0.155859, 0.155858], ""v6"": [0.155341, 0.155306, 0.155279, 0.155178, 0.155095], ""v7"": [0.155859, 0.155859], ""v8"": [0.15586, 0.136983, 0.120573, 0.10138], ""v9"": [0.876162, 0.837327], ""v10"": [0.156502, 0.140964, 0.06363], ""v11"": [0.156504, 0.07274, 0.066079]}"
10,12,38,2,False,,,0.00100583,500000,2173.862910,0.15649393,-0.00001093,0.15650486,0.001,100,"{""v0"": 0.157459, ""v1"": 0.173946, ""v2"": 0.17513, ""v3"": 0.0, ""v4"": 0.0, ""v5"": 0.000199, ""v6"": 0.0, ""v7"": 0.000184, ""v8"": 0.131421, ""v9"": 0.010995, ""v10"": 0.175367, ""v11"": 0.175299}","{""v0"": [0.156412, 0.076375], ""v1"": [0.156492, 0.143017, 0.14189, 0.126172, 0.095058], ""v2"": [0.156494], ""v3"": [0.155801, 0.155801, 0.155801], ""v4"": [0.155801, 0.155801, 0.1558, 0.1558], ""v5"": [0.155395, 0.155189, 0.155086, 0.155012], ""v6"": [0.155802, 0.155802, 0.155801, 0.155801, 0.155801], ""v7"": [0.155391, 0.155147], ""v8"": [0.155802, 0.136927, 0.12052, 0.101331], ""v9"": [0.87715, 0.838568], ""v10"": [0.156488, 0.140951, 0.063624], ""v11"": [0.156493, 0.072734, 0.066074]}"
11,11,36,1,True,20591,32.361277,0.00099995,20591,32.361277,0.00478197,0.00000000,0.00478197,0.001,,"{""v0"": 0.234733, ""v1"": 0.239213, ""v2"": 0.000551, ""v3"": 4.1e-05, ""v4"": 4e-06, ""v5"": 0.000631, ""v6"": 7e-06, ""v7"": 4e-06, ""v8"": 0.519234, ""v9"": 0.002477, ""v10"": 0.003103}","{""v0"": [0.004783, 0.00406, 0.002817, 0.002745, 0.002063], ""v1"": [0.062551, 0.042209, 0.020752], ""v2"": [0.993532, 0.993438, 0.99209, 0.989625], ""v3"": [0.999427, 0.999299, 0.998983, 0.998895, 0.998777], ""v4"": [0.999884], ""v5"": [0.992321, 0.991001], ""v6"": [0.999912, 0.999839, 0.999755], ""v7"": [0.999896], ""v8"": [0.004753, 0.004713, 0.004575, 0.004376, 0.003874, 0.003337, 0.00295], ""v9"": [0.960317, 0.94957], ""v10"": [0.961944, 0.953492, 0.874502]}"
11,11,36,2,True,21632,106.143239,0.00099995,21632,106.143239,0.00477503,-0.00000695,0.00478197,0.001,100,"{""v0"": 0.23388, ""v1"": 0.240261, ""v2"": 1.7e-05, ""v3"": 0.000543, ""v4"": 4e-06, ""v5"": 7e-06, ""v6"": 0.000146, ""v7"": 0.000256, ""v8"": 0.519106, ""v9"": 0.002738, ""v10"": 0.003043}","{""v0"": [0.004775, 0.004054, 0.002814, 0.002741, 0.002061], ""v1"": [0.061908, 0.041765, 0.020529], ""v2"": [0.999718, 0.999716, 0.999674, 0.999595], ""v3"": [0.99364, 0.991985, 0.987934, 0.986803, 0.985308], ""v4"": [0.99989], ""v5"": [0.999917, 0.999903], ""v6"": [0.998167, 0.996647, 0.994892], ""v7"": [0.99403], ""v8"": [0.00476, 0.004719, 0.004581, 0.004382, 0.003879, 0.003341, 0.002955], ""v9"": [0.956276, 0.944499], ""v10"": [0.962664, 0.954364, 0.876663]}"
12,14,45,1,True,100,0.170522,0.00099479,100,0.170522,0.00005964,0.00000000,0.00005964,0.001,,"{""v0"": 0.280908, ""v1"": 0.052809, ""v2"": 0.000714, ""v3"": 0.000714, ""v4"": 0.000714, ""v5"": 0.000714, ""v6"": 0.000714, ""v7"": 0.000743, ""v8"": 0.000714, ""v9"": 0.000714, ""v10"": 0.000714, ""v11"": 0.105268, ""v12"": 0.288654, ""v13"": 0.265903}","{""v0"": [6e-05, 5.2e-05, 3.8e-05, 3.4e-05, 2e-05], ""v1"": [0.000856, 0.000753], ""v2"": [0.001779], ""v3"": [0.001834, 0.001822, 0.001822], ""v4"": [0.001867, 0.001866, 0.001858, 0.001848], ""v5"": [0.001817, 0.001804], ""v6"": [0.001869, 0.001866, 0.00185, 0.001805], ""v7"": [0.001864, 0.001848], ""v8"": [0.001893], ""v9"": [0.001913, 0.001911, 0.001906, 0.001905, 0.001904], ""v10"": [0.001932, 0.001924, 0.001918, 0.001914], ""v11"": [0.000537, 0.000488, 0.000461], ""v12"": [0.001948, 0.001869, 0.001849, 0.001823, 0.001719, 0.001548, 0.000859], ""v13"": [0.051291, 0.049709]}"
12,14,45,2,True,105,1.449907,0.00099840,105,1.449907,0.00006036,0.00000073,0.00005964,0.001,100,"{""v0"": 0.293921, ""v1"": 0.053794, ""v2"": 0.00068, ""v3"": 0.00068, ""v4"": 0.00068, ""v5"": 0.00068, ""v6"": 0.00068, ""v7"": 0.00068, ""v8"": 0.00068, ""v9"": 0.00068, ""v10"": 0.00068, ""v11"": 0.105603, ""v12"": 0.268534, ""v13"": 0.272026}","{""v0"": [6.1e-05, 5.2e-05, 3.8e-05, 3.4e-05, 2e-05], ""v1"": [0.000975, 0.000858], ""v2"": [0.00206], ""v3"": [0.002122, 0.002109, 0.002108], ""v4"": [0.002158, 0.002156, 0.002149, 0.002137], ""v5"": [0.002104, 0.002089], ""v6"": [0.00216, 0.002157, 0.00214, 0.002089], ""v7"": [0.002156, 0.002139], ""v8"": [0.002187], ""v9"": [0.002209, 0.002207, 0.002201, 0.0022, 0.002199], ""v10"": [0.00223, 0.002221, 0.002215, 0.00221], ""v11"": [0.000617, 0.00056, 0.000529], ""v12"": [0.002248, 0.002157, 0.002135, 0.002104, 0.001985, 0.001789, 0.000997], ""v13"": [0.048187, 0.046696]}"
13,12,35,1,True,77504,144.726118,0.00099983,77504,144.726118,0.04985971,0.00000000,0.04985971,0.001,,"{""v0"": 0.283954, ""v1"": 0.25162, ""v2"": 1e-06, ""v3"": 1e-06, ""v4"": 1e-06, ""v5"": 2e-06, ""v6"": 0.000554, ""v7"": 0.238727, ""v8"": 0.224416, ""v9"": 4e-06, ""v10"": 2.3e-05, ""v11"": 0.000697}","{""v0"": [0.049861, 0.048963, 0.045282, 0.016408], ""v1"": [0.049681, 0.038254, 0.025064, 0.02391], ""v2"": [0.049633, 0.049633, 0.049633], ""v3"": [0.049634, 0.049634, 0.049633], ""v4"": [0.049634, 0.049633, 0.049632], ""v5"": [0.049633, 0.049632, 0.049632, 0.049632], ""v6"": [0.049297, 0.049249, 0.049128], ""v7"": [0.049635, 0.025852], ""v8"": [0.04975, 0.047357], ""v9"": [0.999413, 0.999378, 0.999346], ""v10"": [0.99949, 0.999437], ""v11"": [0.991884, 0.975213]}"
13,12,35,2,True,77156,360.950389,0.00099978,77156,360.950389,0.04975706,-0.00010265,0.04985971,0.001,100,"{""v0"": 0.28416, ""v1"": 0.251475, ""v2"": 1e-06, ""v3"": 1e-06, ""v4"": 1e-06, ""v5"": 3e-06, ""v6"": 7.2e-05, ""v7"": 0.238517, ""v8"": 0.224719, ""v9"": 0.000493, ""v10"": 1e-06, ""v11"": 0.000556}","{""v0"": [0.049757, 0.048861, 0.045188, 0.016372], ""v1"": [0.049755, 0.038312, 0.025103, 0.023947], ""v2"": [0.049743, 0.049742, 0.049742], ""v3"": [0.049743, 0.049743, 0.049743], ""v4"": [0.049743, 0.049742, 0.049741], ""v5"": [0.049742, 0.049741, 0.04974, 0.04974], ""v6"": [0.0497, 0.049694, 0.049678], ""v7"": [0.049744, 0.025911], ""v8"": [0.049415, 0.047038], ""v9"": [0.991792, 0.986982, 0.982648], ""v10"": [0.999969, 0.999966], ""v11"": [0.993526, 0.98016]}"
14,14,34,1,True,83,0.102815,0.00099667,83,0.102815,0.00006722,0.00000000,0.00006722,0.001,,"{""v0"": 0.174575, ""v1"": 0.000861, ""v2"": 0.000861, ""v3"": 0.000861, ""v4"": 0.000861, ""v5"": 0.000861, ""v6"": 0.083548, ""v7"": 0.000861, ""v8"": 0.000861, ""v9"": 0.000861, ""v10"": 0.000861, ""v11"": 0.257977, ""v12"": 0.231224, ""v13"": 0.24493}","{""v0"": [3.1e-05, 2e-05], ""v1"": [0.000285, 0.000281, 0.000256, 0.000246], ""v2"": [0.000256, 0.000247], ""v3"": [0.000312, 0.000276], ""v4"": [0.000335], ""v5"": [0.000352, 0.000349], ""v6"": [0.000146, 6.7e-05], ""v7"": [0.000356, 0.000356, 0.000355], ""v8"": [0.000359, 0.000359, 0.000359, 0.000356], ""v9"": [0.000355], ""v10"": [0.000359, 0.000359], ""v11"": [0.000363, 0.000354, 0.00024], ""v12"": [0.006219, 0.003038], ""v13"": [0.073764, 0.060956, 0.05619, 0.039717]}"
14,14,34,2,True,75,0.879388,0.00098844,75,0.879388,0.00006610,-0.00000112,0.00006722,0.001,100,"{""v0"": 0.176319, ""v1"": 0.000952, ""v2"": 0.000952, ""v3"": 0.000952, ""v4"": 0.000952, ""v5"": 0.000952, ""v6"": 0.080349, ""v7"": 0.000952, ""v8"": 0.000952, ""v9"": 0.000952, ""v10"": 0.000952, ""v11"": 0.240507, ""v12"": 0.228688, ""v13"": 0.265567}","{""v0"": [3e-05, 2e-05], ""v1"": [0.000277, 0.000273, 0.000247, 0.000236], ""v2"": [0.000246, 0.000238], ""v3"": [0.000305, 0.000268], ""v4"": [0.000331], ""v5"": [0.000349, 0.000346], ""v6"": [0.00015, 7e-05], ""v7"": [0.000354, 0.000354, 0.000353], ""v8"": [0.000357, 0.000357, 0.000357, 0.000353], ""v9"": [0.000352], ""v10"": [0.000357, 0.000357], ""v11"": [0.000361, 0.000353, 0.00024], ""v12"": [0.00518, 0.002534], ""v13"": [0.059856, 0.049335, 0.045433, 0.032007]}"
15,14,45,1,True,169,0.282929,0.00099732,169,0.282929,0.00006038,0.00000000,0.00006038,0.001,,"{""v0"": 0.408459, ""v1"": 0.081675, ""v2"": 0.06969, ""v3"": 0.413833, ""v4"": 0.002663, ""v5"": 0.000423, ""v6"": 0.000423, ""v7"": 0.000423, ""v8"": 0.005481, ""v9"": 0.000423, ""v10"": 0.00112, ""v11"": 0.00181, ""v12"": 0.000423, ""v13"": 0.013155}","{""v0"": [6e-05, 3.6e-05], ""v1"": [0.004911, 0.003125, 0.002091], ""v2"": [0.004926, 0.004153, 0.004009, 0.003666], ""v3"": [0.012729, 0.012689, 0.007905], ""v4"": [0.944859, 0.942976, 0.939791, 0.937099, 0.897253], ""v5"": [0.976199, 0.975864, 0.973348, 0.970772, 0.964485], ""v6"": [0.965302, 0.96169, 0.958603], ""v7"": [0.975645, 0.974257, 0.969044], ""v8"": [0.916779, 0.888332], ""v9"": [0.975849, 0.973493, 0.973268, 0.957568], ""v10"": [0.965001, 0.964243, 0.962621], ""v11"": [0.978725, 0.973491, 0.952216], ""v12"": [0.989538, 0.982785], ""v13"": [0.843937, 0.798051, 0.779005]}"
15,14,45,2,True,191,1.814112,0.00099623,191,1.814112,0.00005990,-0.00000047,0.00006038,0.001,100,"{""v0"": 0.416332, ""v1"": 0.073404, ""v2"": 0.062061, ""v3"": 0.416727, ""v4"": 0.000374, ""v5"": 0.000374, ""v6"": 0.000374, ""v7"": 0.000374, ""v8"": 0.002223, ""v9"": 0.016466, ""v10"": 0.000374, ""v11"": 0.001043, ""v12"": 0.004136, ""v13"": 0.005738}","{""v0"": [6e-05, 3.6e-05], ""v1"": [0.005263, 0.003424, 0.002321], ""v2"": [0.005293, 0.004507, 0.004359, 0.004003], ""v3"": [0.012451, 0.012412, 0.007732], ""v4"": [0.977947, 0.977656, 0.977161, 0.976741, 0.970309], ""v5"": [0.976892, 0.976718, 0.975411, 0.974071, 0.97063], ""v6"": [0.97123, 0.968131, 0.965341], ""v7"": [0.976605, 0.975884, 0.973169], ""v8"": [0.956765, 0.943964], ""v9"": [0.76407, 0.73162, 0.728661, 0.524406], ""v10"": [0.982884, 0.982625, 0.982069], ""v11"": [0.987682, 0.984617, 0.972015], ""v12"": [0.904641, 0.851325], ""v13"": [0.927921, 0.903916, 0.893522]}"
16,10,27,1,True,13935,17.578600,0.00099995,13935,17.578600,0.00286583,0.00000000,0.00286583,0.001,,"{""v0"": 0.007604, ""v1"": 0.000542, ""v2"": 0.011165, ""v3"": 0.004571, ""v4"": 0.003149, ""v5"": 1.9e-05, ""v6"": 0.529752, ""v7"": 0.224782, ""v8"": 0.108095, ""v9"": 0.110321}","{""v0"": [0.002835, 0.00249, 0.002341, 0.002312], ""v1"": [0.003232, 0.003231], ""v2"": [0.002872, 0.002789, 0.002701, 0.00268, 0.002659, 0.002529], ""v3"": [0.002797], ""v4"": [0.002776], ""v5"": [0.003252, 0.003251], ""v6"": [0.003253, 0.002257, 0.001592], ""v7"": [0.003239, 0.002541], ""v8"": [0.079729, 0.074803, 0.031436], ""v9"": [0.278723, 0.237282, 0.141016]}"
16,10,27,2,True,10920,62.687835,0.00099997,10920,62.687835,0.00286394,-0.00000189,0.00286583,0.001,100,"{""v0"": 0.006394, ""v1"": 0.001341, ""v2"": 0.010994, ""v3"": 0.004395, ""v4"": 0.003073, ""v5"": 2e-05, ""v6"": 0.530063, ""v7"": 0.22246, ""v8"": 0.109125, ""v9"": 0.112135}","{""v0"": [0.002857, 0.002555, 0.002422, 0.002395], ""v1"": [0.003191, 0.003189], ""v2"": [0.002868, 0.002786, 0.0027, 0.002679, 0.002658, 0.00253], ""v3"": [0.002803], ""v4"": [0.002777], ""v5"": [0.003242, 0.003241], ""v6"": [0.003243, 0.00225, 0.001587], ""v7"": [0.003222, 0.002528], ""v8"": [0.077344, 0.072545, 0.030414], ""v9"": [0.273322, 0.232426, 0.137774]}"
17,12,37,1,True,14221,24.999254,0.00099905,14221,24.999254,0.00485183,0.00000000,0.00485183,0.001,,"{""v0"": 0.000445, ""v1"": 0.00012, ""v2"": 0.000166, ""v3"": 0.000121, ""v4"": 0.518108, ""v5"": 0.000433, ""v6"": 7e-06, ""v7"": 7e-06, ""v8"": 6e-06, ""v9"": 0.001574, ""v10"": 0.289982, ""v11"": 0.189031}","{""v0"": [0.004822, 0.00478], ""v1"": [0.004843, 0.004841], ""v2"": [0.004841, 0.00484, 0.00484, 0.004839, 0.004838, 0.004838, 0.004837, 0.004837, 0.004837, 0.004831], ""v3"": [0.004843, 0.004842, 0.004841, 0.004824], ""v4"": [0.00485, 0.001737], ""v5"": [0.004857, 0.004828, 0.00481], ""v6"": [0.004889, 0.004889], ""v7"": [0.004889, 0.004889], ""v8"": [0.004889, 0.004889, 0.004888], ""v9"": [0.00479, 0.004739, 0.004596], ""v10"": [0.00489, 0.002894], ""v11"": [0.131709, 0.060924]}"
17,12,37,2,True,15929,100.545943,0.00099981,15929,100.545943,0.00485287,0.00000104,0.00485183,0.001,100,"{""v0"": 7.3e-05, ""v1"": 7.7e-05, ""v2"": 0.00012, ""v3"": 0.000619, ""v4"": 0.518059, ""v5"": 0.000504, ""v6"": 6e-06, ""v7"": 5e-06, ""v8"": 6e-06, ""v9"": 0.00161, ""v10"": 0.29119, ""v11"": 0.18773}","{""v0"": [0.004848, 0.004841], ""v1"": [0.004848, 0.004847], ""v2"": [0.004846, 0.004845, 0.004845, 0.004844, 0.004844, 0.004843, 0.004843, 0.004843, 0.004843, 0.004839], ""v3"": [0.004814, 0.004809, 0.004805, 0.004721], ""v4"": [0.004853, 0.001737], ""v5"": [0.004856, 0.004822, 0.004801], ""v6"": [0.004893, 0.004893], ""v7"": [0.004893, 0.004893], ""v8"": [0.004893, 0.004893, 0.004892], ""v9"": [0.004792, 0.004739, 0.004594], ""v10"": [0.004894, 0.002896], ""v11"": [0.133474, 0.061808]}"
18,10,20,1,False,,,0.00107171,500000,613.247062,0.19089813,0.00000000,0.19089813,0.001,,"{""v0"": 0.142156, ""v1"": 0.140625, ""v2"": 0.000468, ""v3"": 4e-06, ""v4"": 1e-06, ""v5"": 0.11722, ""v6"": 0.152589, ""v7"": 0.15057, ""v8"": 0.148084, ""v9"": 0.148284}","{""v0"": [0.190795, 0.093541], ""v1"": [0.190028], ""v2"": [0.992698, 0.989846], ""v3"": [0.999805], ""v4"": [0.99998, 0.999971, 0.999965], ""v5"": [0.190891, 0.146365], ""v6"": [0.190898, 0.190371], ""v7"": [0.190879], ""v8"": [0.19086, 0.17875, 0.174077, 0.071053, 0.068454], ""v9"": [0.190865]}"
18,10,20,2,False,,,0.00100526,500000,1150.613343,0.19076294,-0.00013519,0.19089813,0.001,100,"{""v0"": 0.142207, ""v1"": 0.140692, ""v2"": 1.3e-05, ""v3"": 9e-06, ""v4"": 1e-06, ""v5"": 0.117293, ""v6"": 0.152658, ""v7"": 0.150632, ""v8"": 0.148147, ""v9"": 0.148349}","{""v0"": [0.190692, 0.093485], ""v1"": [0.190674], ""v2"": [0.999792, 0.99971], ""v3"": [0.999624], ""v4"": [0.99998, 0.99997, 0.999964], ""v5"": [0.190728, 0.146233], ""v6"": [0.190763, 0.190236], ""v7"": [0.190754], ""v8"": [0.190735, 0.178631, 0.173961, 0.070999, 0.068402], ""v9"": [0.190736]}"
19,10,32,1,True,701,0.725037,0.00099940,701,0.725037,0.00009078,0.00000000,0.00009078,0.001,,"{""v0"": 0.130162, ""v1"": 0.054907, ""v2"": 0.052444, ""v3"": 0.100458, ""v4"": 0.116182, ""v5"": 0.00352, ""v6"": 0.00816, ""v7"": 0.009144, ""v8"": 0.023467, ""v9"": 0.501555}","{""v0"": [9.1e-05, 8.2e-05, 8.1e-05, 6.5e-05, 5e-05], ""v1"": [9.1e-05, 8.6e-05, 6.9e-05, 6e-05, 5.4e-05, 4e-05], ""v2"": [0.000183, 0.000168, 0.000108], ""v3"": [0.000365], ""v4"": [0.000349, 0.000317, 0.000298, 0.000179], ""v5"": [0.001417, 0.001401], ""v6"": [0.001483, 0.001403, 0.001385], ""v7"": [0.00141, 0.001179, 0.001151, 0.001149], ""v8"": [0.001169, 0.001055, 0.000928], ""v9"": [0.001634]}"
19,10,32,2,True,1080,5.760540,0.00099928,1080,5.760540,0.00009021,-0.00000057,0.00009078,0.001,100,"{""v0"": 0.119143, ""v1"": 0.040516, ""v2"": 0.057203, ""v3"": 0.106222, ""v4"": 0.122486, ""v5"": 0.004002, ""v6"": 0.012547, ""v7"": 0.01348, ""v8"": 0.023344, ""v9"": 0.501058}","{""v0"": [9e-05, 8.2e-05, 8.1e-05, 6.5e-05, 5e-05], ""v1"": [9e-05, 8.7e-05, 7.2e-05, 6.4e-05, 5.8e-05, 4.5e-05], ""v2"": [0.000153, 0.00014, 8.8e-05], ""v3"": [0.000323], ""v4"": [0.000309, 0.00028, 0.000263, 0.000157], ""v5"": [0.001344, 0.001327], ""v6"": [0.001416, 0.001304, 0.001281], ""v7"": [0.001325, 0.001039, 0.001006, 0.001003], ""v8"": [0.001176, 0.001063, 0.000935], ""v9"": [0.001642]}"
20,10,24,1,True,171474,183.477756,0.00099995,171474,183.477756,0.05695253,0.00000000,0.05695253,0.001,,"{""v0"": 0.166993, ""v1"": 0.088018, ""v2"": 0.059619, ""v3"": 0.011799, ""v4"": 1e-06, ""v5"": 0.057507, ""v6"": 4.7e-05, ""v7"": 0.15212, ""v8"": 0.200707, ""v9"": 0.263189}","{""v0"": [0.056693, 0.04254], ""v1"": [0.383816, 0.351987, 0.227402], ""v2"": [0.056769, 0.04088], ""v3"": [0.056276, 0.037553], ""v4"": [0.120667], ""v5"": [0.056742, 0.055661, 0.047253, 0.044412], ""v6"": [0.12061, 0.120525], ""v7"": [0.120655, 0.106178], ""v8"": [0.120674, 0.082851, 0.078588], ""v9"": [0.056956, 0.04065, 0.036004]}"
20,10,24,2,True,171921,592.813332,0.00099997,171921,592.813332,0.05696293,0.00001040,0.05695253,0.001,100,"{""v0"": 0.166836, ""v1"": 0.088187, ""v2"": 0.059751, ""v3"": 0.011877, ""v4"": 1e-06, ""v5"": 0.057645, ""v6"": 5.4e-05, ""v7"": 0.151961, ""v8"": 0.200517, ""v9"": 0.263171}","{""v0"": [0.056686, 0.042538], ""v1"": [0.383132, 0.351327, 0.226894], ""v2"": [0.05679, 0.04088], ""v3"": [0.056174, 0.037444], ""v4"": [0.120904], ""v5"": [0.056752, 0.055669, 0.04725, 0.044406], ""v6"": [0.120833, 0.120734], ""v7"": [0.120871, 0.106371], ""v8"": [0.120908, 0.083019, 0.078747], ""v9"": [0.056966, 0.040657, 0.036011]}"
21,11,25,1,True,58534,61.649017,0.00099969,58534,61.649017,0.03880488,0.00000000,0.03880488,0.001,,"{""v0"": 0.094069, ""v1"": 6e-06, ""v2"": 0.016618, ""v3"": 2e-06, ""v4"": 2e-06, ""v5"": 0.302025, ""v6"": 0.000737, ""v7"": 2.3e-05, ""v8"": 2.6e-05, ""v9"": 0.278905, ""v10"": 0.307588}","{""v0"": [0.038387], ""v1"": [0.465432, 0.465338], ""v2"": [0.465543, 0.454239], ""v3"": [0.999917], ""v4"": [0.999974, 0.999963], ""v5"": [0.038702, 0.037327, 0.037097, 0.03626, 0.030804, 0.017478], ""v6"": [0.991336, 0.98791, 0.977205], ""v7"": [0.999335, 0.998665], ""v8"": [0.999669, 0.999469], ""v9"": [0.038805], ""v10"": [0.03879, 0.038414, 0.035561]}"
21,11,25,2,True,58912,162.074311,0.00100000,58912,162.074311,0.03883920,0.00003432,0.03880488,0.001,100,"{""v0"": 0.094511, ""v1"": 4e-06, ""v2"": 0.01672, ""v3"": 2e-06, ""v4"": 3e-06, ""v5"": 0.301867, ""v6"": 5.1e-05, ""v7"": 0.000496, ""v8"": 2.6e-05, ""v9"": 0.278819, ""v10"": 0.307503}","{""v0"": [0.038076], ""v1"": [0.463806, 0.463748], ""v2"": [0.463875, 0.452577], ""v3"": [0.999903], ""v4"": [0.999961, 0.999945], ""v5"": [0.038823, 0.037444, 0.037213, 0.036373, 0.030901, 0.017533], ""v6"": [0.999403, 0.999164, 0.998408], ""v7"": [0.993004, 0.97895], ""v8"": [0.99967, 0.999471], ""v9"": [0.03884], ""v10"": [0.038823, 0.038447, 0.035591]}"
22,13,42,1,True,1128,1.430581,0.00099984,1128,1.430581,0.00008791,0.00000000,0.00008791,0.001,,"{""v0"": 0.000151, ""v1"": 0.010069, ""v2"": 6.8e-05, ""v3"": 6.8e-05, ""v4"": 6.8e-05, ""v5"": 6.8e-05, ""v6"": 6.8e-05, ""v7"": 6.8e-05, ""v8"": 6.8e-05, ""v9"": 0.054601, ""v10"": 0.02095, ""v11"": 0.104433, ""v12"": 0.809319}","{""v0"": [8.8e-05, 8.8e-05], ""v1"": [7.9e-05, 7.7e-05, 7.5e-05], ""v2"": [8.8e-05, 8.8e-05, 8.8e-05, 8.8e-05, 8.8e-05], ""v3"": [8.8e-05, 8.8e-05], ""v4"": [8.8e-05, 8.8e-05, 8.8e-05], ""v5"": [8.8e-05], ""v6"": [8.8e-05, 8.8e-05, 8.8e-05, 8.8e-05, 8.8e-05], ""v7"": [8.8e-05], ""v8"": [8.8e-05, 8.8e-05, 8.8e-05, 8.8e-05, 8.8e-05], ""v9"": [8.7e-05, 7.5e-05, 7.2e-05], ""v10"": [0.000206, 0.000191, 0.000188, 0.000187], ""v11"": [8.8e-05, 6.8e-05, 6.3e-05, 4.7e-05, 3.9e-05], ""v12"": [0.000273, 0.000248, 8.7e-05]}"
22,13,42,2,True,1119,8.514450,0.00099970,1119,8.514450,0.00008721,-0.00000070,0.00008791,0.001,100,"{""v0"": 6.9e-05, ""v1"": 0.010067, ""v2"": 7.2e-05, ""v3"": 0.000111, ""v4"": 0.000307, ""v5"": 6.9e-05, ""v6"": 6.9e-05, ""v7"": 6.9e-05, ""v8"": 6.9e-05, ""v9"": 0.05823, ""v10"": 0.016166, ""v11"": 0.102949, ""v12"": 0.811755}","{""v0"": [8.7e-05, 8.7e-05], ""v1"": [7.8e-05, 7.6e-05, 7.4e-05], ""v2"": [8.7e-05, 8.7e-05, 8.7e-05, 8.7e-05, 8.7e-05], ""v3"": [8.7e-05, 8.7e-05], ""v4"": [8.7e-05, 8.7e-05, 8.6e-05], ""v5"": [8.7e-05], ""v6"": [8.7e-05, 8.7e-05, 8.7e-05, 8.7e-05, 8.7e-05], ""v7"": [8.7e-05], ""v8"": [8.7e-05, 8.7e-05, 8.7e-05, 8.7e-05, 8.7e-05], ""v9"": [8.6e-05, 7.4e-05, 7.1e-05], ""v10"": [0.000214, 0.000202, 0.000198, 0.000198], ""v11"": [8.8e-05, 6.7e-05, 6.3e-05, 4.7e-05, 3.9e-05], ""v12"": [0.000266, 0.000242, 8.5e-05]}"
23,14,37,1,True,16,0.018594,0.00095073,16,0.018594,0.00003074,0.00000000,0.00003074,0.001,,"{""v0"": 0.031215, ""v1"": 0.083581, ""v2"": 0.067343, ""v3"": 0.066955, ""v4"": 0.2064, ""v5"": 0.188915, ""v6"": 0.073446, ""v7"": 0.016323, ""v8"": 0.034325, ""v9"": 0.201207, ""v10"": 0.007597, ""v11"": 0.004779, ""v12"": 0.01345, ""v13"": 0.004464}","{""v0"": [3.5e-05], ""v1"": [5.9e-05, 4.2e-05, 3.1e-05], ""v2"": [2.4e-05, 1.7e-05, 1.4e-05], ""v3"": [8.1e-05, 6.5e-05, 6.1e-05], ""v4"": [0.000237, 0.000169], ""v5"": [0.003542, 0.001466], ""v6"": [0.027491, 0.021243, 0.016242, 0.015284], ""v7"": [0.033107, 0.031895, 0.031412], ""v8"": [0.042269, 0.032183], ""v9"": [0.072801, 0.04414], ""v10"": [0.891674], ""v11"": [0.939407, 0.904572, 0.885937], ""v12"": [0.849808, 0.843591, 0.828887, 0.820121, 0.819059, 0.744494], ""v13"": [0.940216, 0.920815]}"
23,14,37,2,True,14,0.127743,0.00093086,14,0.127743,0.00004437,0.00001364,0.00003074,0.001,100,"{""v0"": 0.040512, ""v1"": 0.082111, ""v2"": 0.077595, ""v3"": 0.056308, ""v4"": 0.196757, ""v5"": 0.174007, ""v6"": 0.087971, ""v7"": 0.00709, ""v8"": 0.026742, ""v9"": 0.199103, ""v10"": 0.005102, ""v11"": 0.005102, ""v12"": 0.028302, ""v13"": 0.013299}","{""v0"": [4.8e-05], ""v1"": [9.4e-05, 6.7e-05, 4.9e-05], ""v2"": [3.8e-05, 2.6e-05, 2.1e-05], ""v3"": [0.000146, 0.000119, 0.000112], ""v4"": [0.00037, 0.000264], ""v5"": [0.005018, 0.002103], ""v6"": [0.023491, 0.017756, 0.013343, 0.012515], ""v7"": [0.042606, 0.0418, 0.041433], ""v8"": [0.047765, 0.037777], ""v9"": [0.073724, 0.044733], ""v10"": [0.92544], ""v11"": [0.935476, 0.898625, 0.878985], ""v12"": [0.71348, 0.703589, 0.680704, 0.667394, 0.665797, 0.56186], ""v13"": [0.83465, 0.788691]}"
24,11,36,1,True,52,0.060379,0.00099552,52,0.060379,0.00004474,0.00000000,0.00004474,0.001,,"{""v0"": 0.080321, ""v1"": 0.001748, ""v2"": 0.001748, ""v3"": 0.005729, ""v4"": 0.400096, ""v5"": 0.431946, ""v6"": 0.023474, ""v7"": 0.025229, ""v8"": 0.012264, ""v9"": 0.001748, ""v10"": 0.015697}","{""v0"": [1.6e-05, 1.6e-05, 1.6e-05, 1.5e-05, 1.3e-05, 1.3e-05, 9e-06], ""v1"": [4.5e-05], ""v2"": [4.5e-05, 4.5e-05], ""v3"": [4.3e-05, 4.3e-05, 4.2e-05, 4.2e-05, 4.1e-05, 3.9e-05], ""v4"": [4.6e-05], ""v5"": [0.007008, 0.006341, 0.006041, 0.005018, 0.003782], ""v6"": [0.685316, 0.580671], ""v7"": [0.679216, 0.664032, 0.645778, 0.630678], ""v8"": [0.871166, 0.851131, 0.845233, 0.706045], ""v9"": [0.952236], ""v10"": [0.833775, 0.784987, 0.70238]}"
24,11,36,2,True,53,0.213789,0.00098534,53,0.213789,0.00004805,0.00000331,0.00004474,0.001,100,"{""v0"": 0.001715, ""v1"": 0.001715, ""v2"": 0.098864, ""v3"": 0.005435, ""v4"": 0.403286, ""v5"": 0.433642, ""v6"": 0.020825, ""v7"": 0.019948, ""v8"": 0.005517, ""v9"": 0.006161, ""v10"": 0.002891}","{""v0"": [4.9e-05, 4.9e-05, 4.8e-05, 4.8e-05, 4.8e-05, 4.8e-05, 4.7e-05], ""v1"": [4.9e-05], ""v2"": [1.5e-05, 1.2e-05], ""v3"": [4.7e-05, 4.7e-05, 4.5e-05, 4.5e-05, 4.4e-05, 4.3e-05], ""v4"": [5e-05], ""v5"": [0.007757, 0.007019, 0.006687, 0.005554, 0.004186], ""v6"": [0.757406, 0.651514], ""v7"": [0.771912, 0.757784, 0.740643, 0.726334], ""v8"": [0.939601, 0.929345, 0.926277, 0.846762], ""v9"": [0.846924], ""v10"": [0.966737, 0.954861, 0.931853]}"
25,31,129,1,True,37987,215.703304,0.00099991,37987,215.703304,0.01763778,0.00000000,0.01763778,0.001,,"{""v0"": 0.292613, ""v1"": 0.000559, ""v2"": 1e-06, ""v3"": 2.5e-05, ""v4"": 1e-06, ""v5"": 1e-06, ""v6"": 1e-06, ""v7"": 1e-06, ""v8"": 1e-06, ""v9"": 1e-06, ""v10"": 1e-06, ""v11"": 1e-06, ""v12"": 3.2e-05, ""v13"": 1e-06, ""v14"": 1e-06, ""v15"": 1e-06, ""v16"": 1e-06, ""v17"": 0.13647, ""v18"": 0.075137, ""v19"": 0.028759, ""v20"": 0.00031, ""v21"": 1e-06, ""v22"": 1e-06, ""v23"": 1e-06, ""v24"": 1e-06, ""v25"": 1e-06, ""v26"": 1e-06, ""v27"": 1e-06, ""v28"": 0.089062, ""v29"": 0.002364, ""v30"": 0.374651}","{""v0"": [0.017643, 0.015164], ""v1"": [0.993007, 0.992462, 0.989629, 0.98325], ""v2"": [0.999983, 0.99996, 0.999957, 0.999948, 0.999943], ""v3"": [0.017233, 0.017231, 0.017229, 0.017228], ""v4"": [0.017238, 0.017238], ""v5"": [0.017238, 0.017238, 0.017238], ""v6"": [0.017238, 0.017238, 0.017238, 0.017238, 0.017238], ""v7"": [0.017239, 0.017239, 0.017238, 0.017238, 0.017238], ""v8"": [0.017239, 0.017239, 0.017239, 0.017238, 0.017238], ""v9"": [0.017238, 0.017238, 0.017238, 0.017238, 0.017238, 0.017238], ""v10"": [0.017238, 0.017238, 0.017238, 0.017238], ""v11"": [0.017239, 0.017239, 0.017238, 0.017238, 0.017238], ""v12"": [0.017232, 0.01723, 0.017229, 0.017226, 0.017222], ""v13"": [0.017239, 0.017239, 0.017239, 0.017238, 0.017238, 0.017238], ""v14"": [0.017239, 0.017239, 0.017238, 0.017238, 0.017238, 0.017238], ""v15"": [0.017238, 0.017238, 0.017238, 0.017238], ""v16"": [0.017239, 0.017239, 0.017238, 0.017238], ""v17"": [0.017239, 0.016777, 0.013755, 0.009751, 0.009459], ""v18"": [0.095763, 0.079684, 0.062373, 0.039879], ""v19"": [0.234415, 0.225438, 0.221719, 0.194825], ""v20"": [0.324445, 0.324361, 0.324194, 0.324061], ""v21"": [0.325712, 0.325712, 0.325708, 0.325702], ""v22"": [0.325686, 0.325686], ""v23"": [0.325698, 0.325698, 0.325695, 0.325695, 0.325692], ""v24"": [0.325702, 0.325701, 0.325691], ""v25"": [0.325703, 0.3257], ""v26"": [0.325702, 0.325693, 0.325692], ""v27"": [0.325709, 0.325707, 0.325706], ""v28"": [0.325716, 0.311686, 0.289286, 0.277345, 0.236675, 0.199337, 0.192634, 0.111928], ""v29"": [0.972888, 0.90188, 0.900451], ""v30"": [0.017513, 0.010667, 0.008771, 0.006496]}"
25,31,129,2,True,48436,1291.233534,0.00099976,48436,1291.233534,0.01755288,-0.00008490,0.01763778,0.001,100,"{""v0"": 0.292972, ""v1"": 0.000129, ""v2"": 0.00063, ""v3"": 1e-06, ""v4"": 1e-06, ""v5"": 1e-06, ""v6"": 4.4e-05, ""v7"": 1e-06, ""v8"": 6.2e-05, ""v9"": 8.9e-05, ""v10"": 1e-06, ""v11"": 1e-06, ""v12"": 1e-06, ""v13"": 1e-06, ""v14"": 1e-06, ""v15"": 1e-06, ""v16"": 1e-06, ""v17"": 0.137437, ""v18"": 0.074633, ""v19"": 0.028321, ""v20"": 1e-06, ""v21"": 9e-06, ""v22"": 0.000248, ""v23"": 1e-05, ""v24"": 1e-06, ""v25"": 1e-06, ""v26"": 3.7e-05, ""v27"": 3.1e-05, ""v28"": 0.088561, ""v29"": 0.002163, ""v30"": 0.374616}","{""v0"": [0.017554, 0.015088], ""v1"": [0.998382, 0.998255, 0.997594, 0.996095], ""v2"": [0.99176, 0.980154, 0.978978, 0.974681, 0.972306], ""v3"": [0.017366, 0.017366, 0.017366, 0.017366], ""v4"": [0.017366, 0.017366], ""v5"": [0.017366, 0.017366, 0.017366], ""v6"": [0.017357, 0.017354, 0.01735, 0.017349, 0.017334], ""v7"": [0.017366, 0.017366, 0.017366, 0.017366, 0.017366], ""v8"": [0.017352, 0.017352, 0.017352, 0.017345, 0.017341], ""v9"": [0.017346, 0.017333, 0.017332, 0.017331, 0.017326, 0.017317], ""v10"": [0.017366, 0.017366, 0.017366, 0.017366], ""v11"": [0.017366, 0.017366, 0.017366, 0.017366, 0.017366], ""v12"": [0.017366, 0.017366, 0.017366, 0.017366, 0.017366], ""v13"": [0.017366, 0.017366, 0.017366, 0.017366, 0.017366, 0.017366], ""v14"": [0.017366, 0.017366, 0.017366, 0.017366, 0.017366, 0.017366], ""v15"": [0.017366, 0.017366, 0.017366, 0.017366], ""v16"": [0.017366, 0.017366, 0.017366, 0.017366], ""v17"": [0.017366, 0.0169, 0.01385, 0.009813, 0.009518], ""v18"": [0.097523, 0.081201, 0.063604, 0.040701], ""v19"": [0.237429, 0.228446, 0.224722, 0.197747], ""v20"": [0.32833, 0.32833, 0.328329, 0.328329], ""v21"": [0.328297, 0.328295, 0.328255, 0.328198], ""v22"": [0.324571, 0.324504], ""v23"": [0.328012, 0.32801, 0.327975, 0.327973, 0.327942], ""v24"": [0.328095, 0.328095, 0.328082], ""v25"": [0.328094, 0.328088], ""v26"": [0.327774, 0.327413, 0.327359], ""v27"": [0.328104, 0.328008, 0.327977], ""v28"": [0.328333, 0.314226, 0.291697, 0.279685, 0.238752, 0.201148, 0.194395, 0.113027], ""v29"": [0.975166, 0.90957, 0.908242], ""v30"": [0.01752, 0.010671, 0.008774, 0.006498]}"
