network_id,t,exact_obj,stoch_mean_obj,stoch_std_obj,stoch_sem_obj,stoch_runs
0,1,0.34728957,0.34728957,0.00000000,0.00000000,10
0,50,0.21687846,0.22546604,0.00407914,0.00128994,10
0,100,0.21493457,0.22101044,0.00236807,0.00074885,10
0,150,0.21440488,0.21927476,0.00180604,0.00057112,10
0,200,0.21411726,0.21825604,0.00123263,0.00038979,10
0,250,0.21397427,0.21753935,0.00090302,0.00028556,10
0,300,0.21385000,0.21707510,0.00088750,0.00028065,10
0,350,0.21379930,0.21665282,0.00076917,0.00024323,10
0,400,0.21373925,0.21633292,0.00071592,0.00022639,10
0,450,0.21368250,0.21609632,0.00066482,0.00021023,10
0,500,0.21364369,0.21588184,0.00064505,0.00020398,10
0,550,0.21361084,0.21572078,0.00062003,0.00019607,10
0,600,0.21357867,0.21558639,0.00060644,0.00019177,10
0,650,0.21355987,0.21546135,0.00057762,0.00018266,10
0,700,0.21353792,0.21534521,0.00052478,0.00016595,10
0,750,0.21351764,0.21522022,0.00047379,0.00014983,10
0,800,0.21350293,0.21514516,0.00044582,0.00014098,10
0,850,0.21348857,0.21506843,0.00041479,0.00013117,10
0,900,0.21347247,0.21499960,0.00040259,0.00012731,10
0,950,0.21345862,0.21493452,0.00039191,0.00012393,10
0,1000,0.21344753,0.21488743,0.00037606,0.00011892,10
0,1050,0.21343582,0.21485541,0.00035615,0.00011262,10
0,1100,0.21342704,0.21481105,0.00035610,0.00011261,10
0,1150,0.21341782,0.21477272,0.00034929,0.00011046,10
0,1200,0.21340698,0.21473324,0.00035118,0.00011105,10
0,1250,0.21339794,0.21469424,0.00034508,0.00010912,10
0,1300,0.21338931,0.21465951,0.00033957,0.00010738,10
0,1350,0.21338267,0.21462526,0.00033396,0.00010561,10
0,1400,0.21337467,0.21458772,0.00031932,0.00010098,10
0,1450,0.21336688,0.21455002,0.00030717,0.00009714,10
0,1500,0.21336224,0.21450536,0.00028978,0.00009164,10
0,1550,0.21335538,0.21446705,0.00027405,0.00008666,10
0,1600,0.21335007,0.21443308,0.00025773,0.00008150,10
0,1650,0.21334494,0.21439844,0.00024465,0.00007737,10
0,1700,0.21333896,0.21436546,0.00023264,0.00007357,10
0,1750,0.21333344,0.21433411,0.00022362,0.00007071,10
0,1800,0.21332945,0.21430464,0.00021800,0.00006894,10
0,1850,0.21332498,0.21427623,0.00021166,0.00006693,10
0,1900,0.21331985,0.21424728,0.00020615,0.00006519,10
0,1950,0.21331523,0.21422125,0.00019718,0.00006235,10
0,2000,0.21331211,0.21419882,0.00019607,0.00006200,10
0,2050,,0.21417901,0.00019197,0.00006071,10
0,2100,,0.21415888,0.00018938,0.00005989,10
0,2150,,0.21414158,0.00018598,0.00005881,10
0,2200,,0.21412083,0.00017994,0.00005690,10
0,2250,,0.21409909,0.00017369,0.00005492,10
0,2300,,0.21408030,0.00016828,0.00005321,10
0,2350,,0.21406314,0.00016710,0.00005284,10
0,2400,,0.21404572,0.00016484,0.00005213,10
0,2450,,0.21402939,0.00016346,0.00005169,10
0,2500,,0.21401206,0.00016149,0.00005107,10
0,2550,,0.21399536,0.00015987,0.00005055,10
0,2600,,0.21397801,0.00015651,0.00004949,10
0,2650,,0.21396344,0.00015358,0.00004857,10
0,2700,,0.21395133,0.00015089,0.00004772,10
0,2750,,0.21393964,0.00014852,0.00004697,10
0,2800,,0.21392871,0.00014491,0.00004582,10
0,2850,,0.21391696,0.00014137,0.00004470,10
0,2900,,0.21390475,0.00013574,0.00004293,10
0,2950,,0.21389322,0.00013025,0.00004119,10
0,3000,,0.21388162,0.00012608,0.00003987,10
0,3050,,0.21387121,0.00012084,0.00003821,10
0,3100,,0.21386042,0.00011697,0.00003699,10
0,3150,,0.21385102,0.00011562,0.00003656,10
0,3200,,0.21384188,0.00011147,0.00003525,10
0,3250,,0.21382991,0.00010843,0.00003429,10
0,3300,,0.21382140,0.00010595,0.00003350,10
0,3350,,0.21381324,0.00010635,0.00003363,10
0,3400,,0.21380494,0.00010513,0.00003324,10
0,3450,,0.21379920,0.00010422,0.00003296,10
0,3500,,0.21379300,0.00010541,0.00003333,10
0,3550,,0.21378754,0.00010508,0.00003323,10
0,3600,,0.21377993,0.00010465,0.00003309,10
0,3650,,0.21377416,0.00010314,0.00003262,10
0,3700,,0.21376732,0.00010253,0.00003242,10
0,3750,,0.21376140,0.00010197,0.00003225,10
0,3800,,0.21375611,0.00010164,0.00003214,10
0,3850,,0.21375031,0.00010089,0.00003190,10
0,3900,,0.21374495,0.00010052,0.00003179,10
0,3950,,0.21373860,0.00009975,0.00003154,10
0,4000,,0.21373376,0.00009885,0.00003126,10
0,4050,,0.21372888,0.00009856,0.00003117,10
0,4100,,0.21372450,0.00009827,0.00003107,10
0,4150,,0.21371859,0.00009738,0.00003080,10
0,4200,,0.21371426,0.00009650,0.00003052,10
0,4250,,0.21370963,0.00009623,0.00003043,10
0,4300,,0.21370289,0.00009695,0.00003066,10
0,4350,,0.21369817,0.00009693,0.00003065,10
0,4400,,0.21369260,0.00009682,0.00003062,10
0,4450,,0.21368842,0.00009681,0.00003061,10
0,4500,,0.21368410,0.00009635,0.00003047,10
0,4550,,0.21367953,0.00009658,0.00003054,10
0,4600,,0.21367464,0.00009700,0.00003067,10
0,4650,,0.21366987,0.00009738,0.00003079,10
0,4700,,0.21366529,0.00009794,0.00003097,10
0,4750,,0.21365976,0.00009832,0.00003109,10
0,4800,,0.21365468,0.00009837,0.00003111,10
0,4850,,0.21364938,0.00009798,0.00003098,10
0,4900,,0.21364470,0.00009685,0.00003063,10
0,4950,,0.21364015,0.00009539,0.00003016,10
0,5000,,0.21363595,0.00009404,0.00002974,10
0,5050,,0.21363173,0.00009332,0.00002951,10
0,5100,,0.21362789,0.00009216,0.00002914,10
0,5150,,0.21362372,0.00009179,0.00002903,10
0,5200,,0.21361997,0.00009041,0.00002859,10
0,5250,,0.21361571,0.00008942,0.00002828,10
0,5300,,0.21361134,0.00008869,0.00002805,10
0,5350,,0.21360806,0.00008829,0.00002792,10
0,5400,,0.21360479,0.00008658,0.00002738,10
0,5450,,0.21360118,0.00008607,0.00002722,10
0,5500,,0.21359776,0.00008562,0.00002708,10
0,5550,,0.21359487,0.00008554,0.00002705,10
0,5600,,0.21359118,0.00008499,0.00002688,10
0,5650,,0.21358706,0.00008367,0.00002646,10
0,5700,,0.21358371,0.00008286,0.00002620,10
0,5750,,0.21357988,0.00008202,0.00002594,10
0,5800,,0.21357586,0.00008055,0.00002547,10
0,5850,,0.21357180,0.00007917,0.00002503,10
0,5900,,0.21356744,0.00007830,0.00002476,10
0,5950,,0.21356297,0.00007723,0.00002442,10
0,6000,,0.21356041,0.00007469,0.00002362,10
0,6050,,0.21355696,0.00007477,0.00002365,10
0,6100,,0.21355382,0.00007356,0.00002326,10
0,6150,,0.21354975,0.00007274,0.00002300,10
0,6200,,0.21354642,0.00007149,0.00002261,10
0,6250,,0.21354312,0.00007093,0.00002243,10
0,6300,,0.21353977,0.00007034,0.00002224,10
0,6350,,0.21353642,0.00006962,0.00002202,10
0,6400,,0.21353320,0.00006881,0.00002176,10
0,6450,,0.21352954,0.00006821,0.00002157,10
0,6500,,0.21352759,0.00006605,0.00002089,10
0,6550,,0.21352518,0.00006580,0.00002081,10
0,6600,,0.21352284,0.00006562,0.00002075,10
0,6650,,0.21352087,0.00006524,0.00002063,10
0,6700,,0.21351908,0.00006473,0.00002047,10
0,6750,,0.21351682,0.00006491,0.00002053,10
0,6800,,0.21351492,0.00006475,0.00002047,10
0,6850,,0.21351299,0.00006485,0.00002051,10
0,6900,,0.21351134,0.00006492,0.00002053,10
0,6950,,0.21350982,0.00006523,0.00002063,10
0,7000,,0.21350816,0.00006468,0.00002045,10
0,7050,,0.21350661,0.00006500,0.00002055,10
0,7100,,0.21350414,0.00006544,0.00002069,10
0,7150,,0.21350223,0.00006462,0.00002043,10
0,7200,,0.21349992,0.00006476,0.00002048,10
0,7250,,0.21349781,0.00006500,0.00002056,10
0,7300,,0.21349559,0.00006454,0.00002041,10
0,7350,,0.21349270,0.00006428,0.00002033,10
0,7400,,0.21349026,0.00006372,0.00002015,10
0,7450,,0.21348822,0.00006299,0.00001992,10
0,7500,,0.21348589,0.00006214,0.00001965,10
0,7550,,0.21348342,0.00006147,0.00001944,10
0,7600,,0.21348092,0.00006017,0.00001903,10
0,7650,,0.21347884,0.00005956,0.00001883,10
0,7700,,0.21347661,0.00005845,0.00001848,10
0,7750,,0.21347392,0.00005790,0.00001831,10
0,7800,,0.21347098,0.00005680,0.00001796,10
0,7850,,0.21346829,0.00005585,0.00001766,10
0,7900,,0.21346565,0.00005471,0.00001730,10
0,7950,,0.21346301,0.00005314,0.00001681,10
0,8000,,0.21346055,0.00005198,0.00001644,10
0,8050,,0.21345772,0.00005075,0.00001605,10
0,8100,,0.21345534,0.00004897,0.00001549,10
0,8150,,0.21345259,0.00004828,0.00001527,10
0,8200,,0.21344995,0.00004721,0.00001493,10
0,8250,,0.21344782,0.00004643,0.00001468,10
0,8300,,0.21344548,0.00004522,0.00001430,10
0,8350,,0.21344323,0.00004387,0.00001387,10
0,8400,,0.21344136,0.00004270,0.00001350,10
0,8450,,0.21343957,0.00004194,0.00001326,10
0,8500,,0.21343753,0.00004142,0.00001310,10
0,8550,,0.21343547,0.00004078,0.00001290,10
0,8600,,0.21343323,0.00004037,0.00001277,10
0,8650,,0.21343091,0.00003967,0.00001254,10
0,8700,,0.21342879,0.00003892,0.00001231,10
0,8750,,0.21342674,0.00003832,0.00001212,10
0,8800,,0.21342456,0.00003768,0.00001192,10
0,8850,,0.21342275,0.00003689,0.00001166,10
0,8900,,0.21342085,0.00003632,0.00001148,10
0,8950,,0.21341910,0.00003589,0.00001135,10
0,9000,,0.21341710,0.00003533,0.00001117,10
0,9050,,0.21341550,0.00003506,0.00001109,10
0,9100,,0.21341356,0.00003471,0.00001098,10
0,9150,,0.21341166,0.00003441,0.00001088,10
0,9200,,0.21341012,0.00003441,0.00001088,10
0,9250,,0.21340815,0.00003413,0.00001079,10
0,9300,,0.21340615,0.00003401,0.00001075,10
0,9350,,0.21340451,0.00003370,0.00001066,10
0,9400,,0.21340254,0.00003356,0.00001061,10
0,9450,,0.21340042,0.00003340,0.00001056,10
0,9500,,0.21339879,0.00003338,0.00001056,10
0,9550,,0.21339726,0.00003350,0.00001059,10
0,9600,,0.21339575,0.00003318,0.00001049,10
0,9650,,0.21339427,0.00003303,0.00001044,10
0,9700,,0.21339274,0.00003301,0.00001044,10
0,9750,,0.21339121,0.00003314,0.00001048,10
0,9800,,0.21338980,0.00003335,0.00001055,10
0,9850,,0.21338825,0.00003319,0.00001049,10
0,9900,,0.21338652,0.00003322,0.00001050,10
0,9950,,0.21338522,0.00003312,0.00001047,10
0,10000,,0.21338414,0.00003281,0.00001037,10
0,10050,,0.21338314,0.00003267,0.00001033,10
0,10100,,0.21338178,0.00003277,0.00001036,10
0,10150,,0.21338047,0.00003313,0.00001048,10
0,10200,,0.21337903,0.00003339,0.00001056,10
0,10250,,0.21337781,0.00003346,0.00001058,10
0,10300,,0.21337676,0.00003340,0.00001056,10
0,10350,,0.21337570,0.00003357,0.00001062,10
0,10400,,0.21337498,0.00003356,0.00001061,10
0,10450,,0.21337409,0.00003349,0.00001059,10
0,10500,,0.21337306,0.00003395,0.00001074,10
0,10550,,0.21337180,0.00003417,0.00001080,10
0,10600,,0.21337058,0.00003433,0.00001086,10
0,10650,,0.21336957,0.00003417,0.00001081,10
0,10653,,0.21331210,0.00000000,0.00000000,1
0,10700,,0.21337472,0.00002916,0.00000972,9
0,10750,,0.21337348,0.00002911,0.00000970,9
0,10800,,0.21337252,0.00002895,0.00000965,9
0,10850,,0.21337147,0.00002918,0.00000973,9
0,10900,,0.21337039,0.00002932,0.00000977,9
0,10950,,0.21336919,0.00002938,0.00000979,9
0,11000,,0.21336819,0.00002964,0.00000988,9
0,11050,,0.21336718,0.00002961,0.00000987,9
0,11100,,0.21336651,0.00002963,0.00000988,9
0,11150,,0.21336555,0.00002956,0.00000985,9
0,11200,,0.21336479,0.00002978,0.00000993,9
0,11250,,0.21336341,0.00002993,0.00000998,9
0,11300,,0.21336242,0.00003012,0.00001004,9
0,11350,,0.21336143,0.00003021,0.00001007,9
0,11400,,0.21336050,0.00003021,0.00001007,9
0,11450,,0.21335935,0.00003030,0.00001010,9
0,11500,,0.21335847,0.00003051,0.00001017,9
0,11517,,0.21331210,0.00000000,0.00000000,1
0,11550,,0.21336323,0.00002712,0.00000959,8
0,11600,,0.21336221,0.00002751,0.00000973,8
0,11628,,0.21331209,0.00000000,0.00000000,1
0,11650,,0.21336844,0.00002047,0.00000774,7
0,11700,,0.21336765,0.00002056,0.00000777,7
0,11750,,0.21336671,0.00002057,0.00000778,7
0,11800,,0.21336570,0.00002064,0.00000780,7
0,11850,,0.21336450,0.00002072,0.00000783,7
0,11900,,0.21336352,0.00002076,0.00000785,7
0,11950,,0.21336288,0.00002083,0.00000787,7
0,12000,,0.21336199,0.00002114,0.00000799,7
0,12050,,0.21336148,0.00002127,0.00000804,7
0,12100,,0.21336078,0.00002141,0.00000809,7
0,12150,,0.21335994,0.00002142,0.00000809,7
0,12200,,0.21335893,0.00002140,0.00000809,7
0,12250,,0.21335812,0.00002137,0.00000808,7
0,12300,,0.21335758,0.00002137,0.00000808,7
0,12350,,0.21335685,0.00002142,0.00000809,7
0,12400,,0.21335609,0.00002115,0.00000799,7
0,12450,,0.21335528,0.00002088,0.00000789,7
0,12500,,0.21335448,0.00002060,0.00000779,7
0,12550,,0.21335350,0.00002047,0.00000774,7
0,12600,,0.21335254,0.00002060,0.00000779,7
0,12650,,0.21335194,0.00002068,0.00000782,7
0,12700,,0.21335140,0.00002040,0.00000771,7
0,12750,,0.21335046,0.00002004,0.00000757,7
0,12800,,0.21334952,0.00002011,0.00000760,7
0,12850,,0.21334860,0.00002046,0.00000773,7
0,12900,,0.21334800,0.00002055,0.00000777,7
0,12950,,0.21334711,0.00002070,0.00000782,7
0,13000,,0.21334654,0.00002101,0.00000794,7
0,13050,,0.21334579,0.00002144,0.00000810,7
0,13100,,0.21334505,0.00002176,0.00000822,7
0,13150,,0.21334418,0.00002241,0.00000847,7
0,13200,,0.21334367,0.00002257,0.00000853,7
0,13250,,0.21334311,0.00002287,0.00000864,7
0,13300,,0.21334251,0.00002315,0.00000875,7
0,13350,,0.21334156,0.00002357,0.00000891,7
0,13400,,0.21334058,0.00002392,0.00000904,7
0,13450,,0.21333953,0.00002432,0.00000919,7
0,13500,,0.21333854,0.00002469,0.00000933,7
0,13550,,0.21333770,0.00002488,0.00000940,7
0,13600,,0.21333656,0.00002503,0.00000946,7
0,13650,,0.21333571,0.00002508,0.00000948,7
0,13700,,0.21333459,0.00002495,0.00000943,7
0,13750,,0.21333355,0.00002455,0.00000928,7
0,13768,,0.21331210,0.00000000,0.00000000,1
0,13800,,0.21333621,0.00002476,0.00001011,6
0,13850,,0.21333504,0.00002476,0.00001011,6
0,13900,,0.21333410,0.00002449,0.00001000,6
0,13950,,0.21333286,0.00002456,0.00001003,6
0,14000,,0.21333170,0.00002445,0.00000998,6
0,14050,,0.21333068,0.00002462,0.00001005,6
0,14082,,0.21331209,0.00000000,0.00000000,1
0,14100,,0.21333335,0.00002568,0.00001149,5
0,14150,,0.21333239,0.00002592,0.00001159,5
0,14172,,0.21331209,0.00000000,0.00000000,1
0,14200,,0.21333673,0.00002749,0.00001375,4
0,14250,,0.21333603,0.00002797,0.00001398,4
0,14281,,0.21331210,0.00000000,0.00000000,1
0,14300,,0.21334326,0.00002911,0.00001681,3
0,14350,,0.21334276,0.00002996,0.00001730,3
0,14400,,0.21334234,0.00003054,0.00001763,3
0,14404,,0.21331209,0.00000000,0.00000000,1
0,14450,,0.21335701,0.00002336,0.00001652,2
0,14500,,0.21335681,0.00002480,0.00001754,2
0,14550,,0.21335654,0.00002632,0.00001861,2
0,14600,,0.21335596,0.00002780,0.00001966,2
0,14650,,0.21335548,0.00002890,0.00002043,2
0,14700,,0.21335500,0.00003046,0.00002154,2
0,14750,,0.21335503,0.00003100,0.00002192,2
0,14800,,0.21335450,0.00003242,0.00002293,2
0,14850,,0.21335396,0.00003384,0.00002393,2
0,14900,,0.21335360,0.00003470,0.00002453,2
0,14950,,0.21335352,0.00003505,0.00002479,2
0,15000,,0.21335329,0.00003640,0.00002574,2
0,15050,,0.21335300,0.00003737,0.00002643,2
0,15100,,0.21335260,0.00003832,0.00002710,2
0,15150,,0.21335163,0.00003890,0.00002751,2
0,15200,,0.21335109,0.00003888,0.00002749,2
0,15250,,0.21335018,0.00003901,0.00002759,2
0,15300,,0.21334927,0.00003915,0.00002768,2
0,15350,,0.21334874,0.00003922,0.00002773,2
0,15400,,0.21334799,0.00003943,0.00002788,2
0,15450,,0.21334704,0.00003937,0.00002784,2
0,15500,,0.21334675,0.00003934,0.00002782,2
0,15550,,0.21334656,0.00003916,0.00002769,2
0,15600,,0.21334603,0.00003923,0.00002774,2
0,15650,,0.21334539,0.00003918,0.00002770,2
0,15700,,0.21334467,0.00003926,0.00002776,2
0,15750,,0.21334418,0.00003921,0.00002772,2
0,15800,,0.21334395,0.00003916,0.00002769,2
0,15850,,0.21334348,0.00003975,0.00002811,2
0,15900,,0.21334303,0.00004031,0.00002850,2
0,15950,,0.21334257,0.00004038,0.00002856,2
0,16000,,0.21334211,0.00004121,0.00002914,2
0,16050,,0.21334162,0.00004155,0.00002938,2
0,16056,,0.21331211,0.00000000,0.00000000,1
0,16100,,0.21337085,0.00000000,0.00000000,1
0,16150,,0.21337060,0.00000000,0.00000000,1
0,16200,,0.21337070,0.00000000,0.00000000,1
0,16250,,0.21337078,0.00000000,0.00000000,1
0,16300,,0.21337138,0.00000000,0.00000000,1
0,16350,,0.21337139,0.00000000,0.00000000,1
0,16400,,0.21337102,0.00000000,0.00000000,1
0,16450,,0.21337114,0.00000000,0.00000000,1
0,16500,,0.21337098,0.00000000,0.00000000,1
0,16550,,0.21337079,0.00000000,0.00000000,1
0,16600,,0.21337048,0.00000000,0.00000000,1
0,16650,,0.21337001,0.00000000,0.00000000,1
0,16700,,0.21336972,0.00000000,0.00000000,1
0,16750,,0.21336936,0.00000000,0.00000000,1
0,16800,,0.21336882,0.00000000,0.00000000,1
0,16850,,0.21336823,0.00000000,0.00000000,1
0,16900,,0.21336754,0.00000000,0.00000000,1
0,16950,,0.21336652,0.00000000,0.00000000,1
0,17000,,0.21336560,0.00000000,0.00000000,1
0,17050,,0.21336489,0.00000000,0.00000000,1
0,17100,,0.21336362,0.00000000,0.00000000,1
0,17150,,0.21336214,0.00000000,0.00000000,1
0,17200,,0.21336130,0.00000000,0.00000000,1
0,17250,,0.21335996,0.00000000,0.00000000,1
0,17300,,0.21335917,0.00000000,0.00000000,1
0,17350,,0.21335799,0.00000000,0.00000000,1
0,17400,,0.21335662,0.00000000,0.00000000,1
0,17450,,0.21335554,0.00000000,0.00000000,1
0,17500,,0.21335423,0.00000000,0.00000000,1
0,17550,,0.21335336,0.00000000,0.00000000,1
0,17600,,0.21335218,0.00000000,0.00000000,1
0,17650,,0.21335108,0.00000000,0.00000000,1
0,17700,,0.21334981,0.00000000,0.00000000,1
0,17750,,0.21334885,0.00000000,0.00000000,1
0,17800,,0.21334753,0.00000000,0.00000000,1
0,17850,,0.21334613,0.00000000,0.00000000,1
0,17900,,0.21334507,0.00000000,0.00000000,1
0,17950,,0.21334365,0.00000000,0.00000000,1
0,18000,,0.21334247,0.00000000,0.00000000,1
0,18050,,0.21334141,0.00000000,0.00000000,1
0,18100,,0.21334058,0.00000000,0.00000000,1
0,18150,,0.21333935,0.00000000,0.00000000,1
0,18200,,0.21333822,0.00000000,0.00000000,1
0,18250,,0.21333694,0.00000000,0.00000000,1
0,18300,,0.21333664,0.00000000,0.00000000,1
0,18350,,0.21333619,0.00000000,0.00000000,1
0,18400,,0.21333555,0.00000000,0.00000000,1
0,18450,,0.21333547,0.00000000,0.00000000,1
0,18500,,0.21333500,0.00000000,0.00000000,1
0,18550,,0.21333419,0.00000000,0.00000000,1
0,18600,,0.21333415,0.00000000,0.00000000,1
0,18650,,0.21333385,0.00000000,0.00000000,1
0,18700,,0.21333367,0.00000000,0.00000000,1
0,18750,,0.21333349,0.00000000,0.00000000,1
0,18800,,0.21333328,0.00000000,0.00000000,1
0,18850,,0.21333336,0.00000000,0.00000000,1
0,18900,,0.21333337,0.00000000,0.00000000,1
0,18950,,0.21333324,0.00000000,0.00000000,1
0,19000,,0.21333301,0.00000000,0.00000000,1
0,19050,,0.21333284,0.00000000,0.00000000,1
0,19100,,0.21333269,0.00000000,0.00000000,1
0,19150,,0.21333306,0.00000000,0.00000000,1
0,19200,,0.21333311,0.00000000,0.00000000,1
0,19250,,0.21333279,0.00000000,0.00000000,1
0,19300,,0.21333249,0.00000000,0.00000000,1
0,19350,,0.21333182,0.00000000,0.00000000,1
0,19400,,0.21333107,0.00000000,0.00000000,1
0,19450,,0.21333053,0.00000000,0.00000000,1
0,19500,,0.21332944,0.00000000,0.00000000,1
0,19550,,0.21332880,0.00000000,0.00000000,1
0,19600,,0.21332791,0.00000000,0.00000000,1
0,19650,,0.21332692,0.00000000,0.00000000,1
0,19700,,0.21332587,0.00000000,0.00000000,1
0,19750,,0.21332463,0.00000000,0.00000000,1
0,19800,,0.21332344,0.00000000,0.00000000,1
0,19850,,0.21332269,0.00000000,0.00000000,1
0,19900,,0.21332183,0.00000000,0.00000000,1
0,19950,,0.21332086,0.00000000,0.00000000,1
0,20000,,0.21332025,0.00000000,0.00000000,1
0,20050,,0.21331907,0.00000000,0.00000000,1
0,20100,,0.21331790,0.00000000,0.00000000,1
0,20150,,0.21331697,0.00000000,0.00000000,1
0,20200,,0.21331594,0.00000000,0.00000000,1
0,20250,,0.21331481,0.00000000,0.00000000,1
0,20300,,0.21331363,0.00000000,0.00000000,1
0,20350,,0.21331252,0.00000000,0.00000000,1
0,20371,,0.21331211,0.00000000,0.00000000,1
1,1,0.71186240,0.71186240,0.00000000,0.00000000,10
1,50,0.55354618,0.57071765,0.01284497,0.00406194,10
1,100,0.54286455,0.55556645,0.00723229,0.00228705,10
1,150,0.53967039,0.54947677,0.00433250,0.00137006,10
1,200,0.53811836,0.54576959,0.00297620,0.00094116,10
1,250,0.53727711,0.54346810,0.00228869,0.00072375,10
1,300,0.53660773,0.54190761,0.00177386,0.00056094,10
1,350,0.53611367,0.54068659,0.00153756,0.00048622,10
1,400,0.53573588,0.53987462,0.00136788,0.00043256,10
1,450,0.53541709,0.53924615,0.00130804,0.00041364,10
1,500,0.53514696,0.53872047,0.00113433,0.00035871,10
1,550,0.53491295,0.53816218,0.00098236,0.00031065,10
1,600,0.53468123,0.53773558,0.00090023,0.00028468,10
1,650,0.53446799,0.53737063,0.00077675,0.00024563,10
1,700,0.53430107,0.53708226,0.00069014,0.00021824,10
1,750,0.53412247,0.53679743,0.00065045,0.00020569,10
1,800,0.53394802,0.53652557,0.00064252,0.00020318,10
1,850,0.53380269,0.53630560,0.00062017,0.00019611,10
1,900,0.53367455,0.53607892,0.00060798,0.00019226,10
1,950,0.53355408,0.53589099,0.00051722,0.00016356,10
1,1000,0.53345655,0.53568887,0.00047522,0.00015028,10
1,1050,0.53335370,0.53551286,0.00045419,0.00014363,10
1,1100,0.53325054,0.53533531,0.00044683,0.00014130,10
1,1150,0.53315622,0.53517404,0.00043489,0.00013752,10
1,1200,0.53307112,0.53503256,0.00043157,0.00013648,10
1,1250,0.53299283,0.53491114,0.00040564,0.00012828,10
1,1300,0.53291634,0.53478223,0.00037543,0.00011872,10
1,1350,0.53285244,0.53467566,0.00035513,0.00011230,10
1,1400,0.53278689,0.53458184,0.00033406,0.00010564,10
1,1450,0.53271753,0.53445924,0.00029797,0.00009423,10
1,1500,0.53266317,0.53436739,0.00028419,0.00008987,10
1,1550,0.53260336,0.53426074,0.00028335,0.00008960,10
1,1600,0.53255744,0.53415732,0.00027014,0.00008543,10
1,1650,0.53250269,0.53405430,0.00026714,0.00008448,10
1,1700,0.53245465,0.53397464,0.00026081,0.00008248,10
1,1750,0.53240685,0.53390478,0.00025441,0.00008045,10
1,1800,0.53236051,0.53382950,0.00024916,0.00007879,10
1,1850,0.53231572,0.53376795,0.00024543,0.00007761,10
1,1900,0.53227342,0.53370315,0.00024569,0.00007770,10
1,1950,0.53223881,0.53363490,0.00023523,0.00007439,10
1,2000,0.53219957,0.53357175,0.00022985,0.00007269,10
1,2050,,0.53350300,0.00022403,0.00007084,10
1,2100,,0.53344406,0.00022934,0.00007252,10
1,2150,,0.53337690,0.00023724,0.00007502,10
1,2200,,0.53332343,0.00023440,0.00007412,10
1,2250,,0.53326413,0.00022177,0.00007013,10
1,2300,,0.53321311,0.00021157,0.00006691,10
1,2350,,0.53316235,0.00020767,0.00006567,10
1,2400,,0.53311035,0.00020500,0.00006483,10
1,2450,,0.53305484,0.00019925,0.00006301,10
1,2500,,0.53300993,0.00019812,0.00006265,10
1,2550,,0.53296481,0.00020624,0.00006522,10
1,2600,,0.53292799,0.00020348,0.00006435,10
1,2650,,0.53288963,0.00020175,0.00006380,10
1,2700,,0.53285085,0.00020156,0.00006374,10
1,2750,,0.53280996,0.00019563,0.00006186,10
1,2800,,0.53277596,0.00019660,0.00006217,10
1,2850,,0.53274349,0.00019747,0.00006245,10
1,2900,,0.53270344,0.00019689,0.00006226,10
1,2950,,0.53266790,0.00020040,0.00006337,10
1,3000,,0.53263118,0.00019911,0.00006296,10
1,3050,,0.53259843,0.00020105,0.00006358,10
1,3100,,0.53256293,0.00019630,0.00006208,10
1,3137,,0.53219957,0.00000000,0.00000000,1
1,3150,,0.53257662,0.00016366,0.00005455,9
1,3200,,0.53254501,0.00017033,0.00005678,9
1,3250,,0.53251676,0.00016734,0.00005578,9
1,3300,,0.53248331,0.00016971,0.00005657,9
1,3350,,0.53245128,0.00017190,0.00005730,9
1,3354,,0.53219923,0.00000000,0.00000000,1
1,3361,,0.53219849,0.00000000,0.00000000,1
1,3400,,0.53249015,0.00011115,0.00004201,7
1,3450,,0.53245980,0.00010666,0.00004031,7
1,3500,,0.53242861,0.00010463,0.00003955,7
1,3550,,0.53240044,0.00010211,0.00003859,7
1,3600,,0.53237280,0.00009961,0.00003765,7
1,3626,,0.53219833,0.00000000,0.00000000,1
1,3650,,0.53236922,0.00008029,0.00003278,6
1,3700,,0.53234335,0.00007549,0.00003082,6
1,3750,,0.53231616,0.00007536,0.00003077,6
1,3787,,0.53219941,0.00000000,0.00000000,1
1,3800,,0.53230622,0.00006710,0.00003001,5
1,3850,,0.53229012,0.00006685,0.00002990,5
1,3862,,0.53219938,0.00000000,0.00000000,1
1,3900,,0.53228931,0.00005517,0.00002758,4
1,3950,,0.53226017,0.00005912,0.00002956,4
1,3962,,0.53219956,0.00000000,0.00000000,1
1,3986,,0.53219947,0.00000000,0.00000000,1
1,4000,,0.53228204,0.00005011,0.00003544,2
1,4050,,0.53225444,0.00004841,0.00003423,2
1,4100,,0.53223344,0.00003272,0.00002314,2
1,4120,,0.53219929,0.00000000,0.00000000,1
1,4150,,0.53222801,0.00000000,0.00000000,1
1,4200,,0.53221369,0.00000000,0.00000000,1
1,4242,,0.53219905,0.00000000,0.00000000,1
2,1,0.74740069,0.74740069,0.00000000,0.00000000,10
2,50,0.61218266,0.62153812,0.00718056,0.00227069,10
2,100,0.60144616,0.60875493,0.00387862,0.00122653,10
2,150,0.59606199,0.60347848,0.00305391,0.00096573,10
2,200,0.59327773,0.60002241,0.00258394,0.00081711,10
2,250,0.59157900,0.59786582,0.00220221,0.00069640,10
2,300,0.59058635,0.59636149,0.00185030,0.00058512,10
2,350,0.58996253,0.59510472,0.00152320,0.00048168,10
2,400,0.58943204,0.59418943,0.00132930,0.00042036,10
2,450,0.58901719,0.59340178,0.00109064,0.00034489,10
2,500,0.58868260,0.59276931,0.00090078,0.00028485,10
2,550,0.58836302,0.59240275,0.00088572,0.00028009,10
2,600,0.58811663,0.59196709,0.00078217,0.00024735,10
2,650,0.58793887,0.59159987,0.00075307,0.00023814,10
2,700,0.58770783,0.59124906,0.00067091,0.00021216,10
2,750,0.58754199,0.59096264,0.00055862,0.00017665,10
2,800,0.58741825,0.59069284,0.00053925,0.00017053,10
2,850,0.58729779,0.59047017,0.00046991,0.00014860,10
2,900,0.58716846,0.59026637,0.00039926,0.00012626,10
2,950,0.58703925,0.59005346,0.00038670,0.00012228,10
2,1000,0.58691067,0.58987681,0.00036106,0.00011418,10
2,1050,0.58679982,0.58968914,0.00033594,0.00010623,10
2,1100,0.58670430,0.58951127,0.00030347,0.00009597,10
2,1150,0.58662022,0.58936651,0.00028890,0.00009136,10
2,1200,0.58655457,0.58921971,0.00025755,0.00008145,10
2,1250,0.58647451,0.58908582,0.00027361,0.00008652,10
2,1300,0.58642866,0.58896372,0.00027863,0.00008811,10
2,1350,0.58637302,0.58883396,0.00028336,0.00008961,10
2,1400,0.58630623,0.58871451,0.00027342,0.00008646,10
2,1450,0.58624131,0.58861381,0.00024608,0.00007782,10
2,1500,0.58619387,0.58850734,0.00023675,0.00007487,10
2,1550,0.58614048,0.58842707,0.00024768,0.00007832,10
2,1600,0.58608960,0.58832826,0.00023855,0.00007544,10
2,1650,0.58603594,0.58822084,0.00023202,0.00007337,10
2,1700,0.58598824,0.58813917,0.00021441,0.00006780,10
2,1750,0.58594984,0.58806666,0.00021336,0.00006747,10
2,1800,0.58590695,0.58799881,0.00022170,0.00007011,10
2,1850,0.58587427,0.58793367,0.00021562,0.00006819,10
2,1900,0.58583275,0.58787320,0.00019798,0.00006261,10
2,1950,0.58579812,0.58780787,0.00019518,0.00006172,10
2,2000,0.58576543,0.58773205,0.00019720,0.00006236,10
2,2050,,0.58767029,0.00018743,0.00005927,10
2,2100,,0.58760218,0.00018469,0.00005840,10
2,2150,,0.58754690,0.00018526,0.00005858,10
2,2200,,0.58748402,0.00018072,0.00005715,10
2,2250,,0.58742200,0.00017430,0.00005512,10
2,2300,,0.58737003,0.00016614,0.00005254,10
2,2350,,0.58731787,0.00015757,0.00004983,10
2,2400,,0.58726806,0.00015277,0.00004831,10
2,2450,,0.58722962,0.00015797,0.00004996,10
2,2500,,0.58717248,0.00015266,0.00004828,10
2,2550,,0.58712484,0.00014815,0.00004685,10
2,2600,,0.58707805,0.00014268,0.00004512,10
2,2650,,0.58704695,0.00014692,0.00004646,10
2,2700,,0.58700705,0.00015163,0.00004795,10
2,2750,,0.58696362,0.00014814,0.00004685,10
2,2800,,0.58692083,0.00014982,0.00004738,10
2,2850,,0.58687766,0.00014636,0.00004628,10
2,2900,,0.58684290,0.00014200,0.00004490,10
2,2950,,0.58680850,0.00014048,0.00004442,10
2,3000,,0.58677368,0.00013652,0.00004317,10
2,3050,,0.58673672,0.00013553,0.00004286,10
2,3100,,0.58670081,0.00013840,0.00004377,10
2,3150,,0.58666840,0.00013077,0.00004135,10
2,3200,,0.58663779,0.00013006,0.00004113,10
2,3250,,0.58660881,0.00013165,0.00004163,10
2,3300,,0.58657973,0.00012620,0.00003991,10
2,3350,,0.58654730,0.00012918,0.00004085,10
2,3400,,0.58651776,0.00012496,0.00003952,10
2,3450,,0.58649196,0.00012726,0.00004024,10
2,3500,,0.58646569,0.00012481,0.00003947,10
2,3550,,0.58643763,0.00012127,0.00003835,10
2,3600,,0.58641320,0.00011898,0.00003762,10
2,3650,,0.58638684,0.00011653,0.00003685,10
2,3700,,0.58636507,0.00011735,0.00003711,10
2,3750,,0.58633901,0.00011351,0.00003589,10
2,3800,,0.58631702,0.00011329,0.00003583,10
2,3850,,0.58629478,0.00010971,0.00003469,10
2,3900,,0.58627236,0.00010940,0.00003459,10
2,3950,,0.58624975,0.00011229,0.00003551,10
2,4000,,0.58622749,0.00011578,0.00003661,10
2,4050,,0.58620662,0.00011100,0.00003510,10
2,4100,,0.58618689,0.00011199,0.00003542,10
2,4150,,0.58616695,0.00011276,0.00003566,10
2,4200,,0.58614954,0.00010764,0.00003404,10
2,4250,,0.58613550,0.00010851,0.00003431,10
2,4300,,0.58611768,0.00010871,0.00003438,10
2,4350,,0.58609793,0.00011315,0.00003578,10
2,4400,,0.58607745,0.00011157,0.00003528,10
2,4450,,0.58605776,0.00011169,0.00003532,10
2,4500,,0.58603945,0.00011289,0.00003570,10
2,4550,,0.58602090,0.00010981,0.00003472,10
2,4600,,0.58600458,0.00010870,0.00003437,10
2,4650,,0.58598563,0.00010715,0.00003388,10
2,4700,,0.58596780,0.00010846,0.00003430,10
2,4750,,0.58595004,0.00010841,0.00003428,10
2,4799,,0.58576527,0.00000000,0.00000000,1
2,4800,,0.58594956,0.00009747,0.00003249,9
2,4850,,0.58593012,0.00009351,0.00003117,9
2,4900,,0.58591248,0.00009128,0.00003043,9
2,4950,,0.58589636,0.00008730,0.00002910,9
2,4952,,0.58576515,0.00000000,0.00000000,1
2,5000,,0.58589612,0.00007666,0.00002710,8
2,5050,,0.58587617,0.00007813,0.00002762,8
2,5076,,0.58576540,0.00000000,0.00000000,1
2,5100,,0.58587690,0.00007306,0.00002761,7
2,5150,,0.58586087,0.00007501,0.00002835,7
2,5181,,0.58576530,0.00000000,0.00000000,1
2,5187,,0.58576510,0.00000000,0.00000000,1
2,5200,,0.58587995,0.00006184,0.00002766,5
2,5250,,0.58586505,0.00006398,0.00002861,5
2,5300,,0.58584489,0.00006136,0.00002744,5
2,5350,,0.58583100,0.00005904,0.00002640,5
2,5400,,0.58581338,0.00005693,0.00002546,5
2,5450,,0.58579928,0.00005416,0.00002422,5
2,5456,,0.58576527,0.00000000,0.00000000,1
2,5471,,0.58576541,0.00000000,0.00000000,1
2,5472,,0.58576543,0.00000000,0.00000000,1
2,5500,,0.58582180,0.00006986,0.00004940,2
2,5515,,0.58576516,0.00000000,0.00000000,1
2,5550,,0.58585192,0.00000000,0.00000000,1
2,5600,,0.58584037,0.00000000,0.00000000,1
2,5650,,0.58582937,0.00000000,0.00000000,1
2,5700,,0.58581414,0.00000000,0.00000000,1
2,5750,,0.58579393,0.00000000,0.00000000,1
2,5800,,0.58578121,0.00000000,0.00000000,1
2,5850,,0.58577005,0.00000000,0.00000000,1
2,5872,,0.58576513,0.00000000,0.00000000,1
3,1,0.89959421,0.89959421,0.00000000,0.00000000,10
3,50,0.75972906,0.76501874,0.00389619,0.00123208,10
3,100,0.75051360,0.75550222,0.00205362,0.00064941,10
3,150,0.74956475,0.75274430,0.00189382,0.00059888,10
3,200,0.74915531,0.75115552,0.00168470,0.00053275,10
3,250,0.74854145,0.74991838,0.00125679,0.00039743,10
3,300,0.74798933,0.74915527,0.00111858,0.00035373,10
3,350,0.74766046,0.74849892,0.00103278,0.00032659,10
3,400,0.74720378,0.74794947,0.00090222,0.00028531,10
3,450,0.74689635,0.74752739,0.00083738,0.00026480,10
3,500,0.74655736,0.74711118,0.00079907,0.00025269,10
3,550,0.74624749,0.74686205,0.00076478,0.00024184,10
3,600,0.74600798,0.74660915,0.00068021,0.00021510,10
3,650,0.74584262,0.74634630,0.00060836,0.00019238,10
3,700,0.74566800,0.74617972,0.00054050,0.00017092,10
3,750,0.74555350,0.74598068,0.00049323,0.00015597,10
3,800,0.74541828,0.74579941,0.00048073,0.00015202,10
3,850,0.74532410,0.74562427,0.00045246,0.00014308,10
3,900,0.74521675,0.74547379,0.00043079,0.00013623,10
3,950,0.74511294,0.74532898,0.00039005,0.00012334,10
3,1000,0.74497021,0.74520978,0.00034060,0.00010771,10
3,1050,0.74489877,0.74509484,0.00032218,0.00010188,10
3,1100,0.74483093,0.74498185,0.00031139,0.00009847,10
3,1150,0.74470257,0.74488982,0.00030291,0.00009579,10
3,1200,0.74462822,0.74479116,0.00028249,0.00008933,10
3,1250,0.74456537,0.74471252,0.00026276,0.00008309,10
3,1300,0.74448113,0.74463430,0.00024353,0.00007701,10
3,1350,0.74437183,0.74456106,0.00023870,0.00007548,10
3,1400,0.74425166,0.74449642,0.00022863,0.00007230,10
3,1450,0.74414872,0.74441428,0.00022916,0.00007247,10
3,1500,0.74405937,0.74433811,0.00022303,0.00007053,10
3,1550,0.74397851,0.74426271,0.00022123,0.00006996,10
3,1600,0.74388641,0.74420943,0.00021689,0.00006859,10
3,1650,0.74381934,0.74415086,0.00021190,0.00006701,10
3,1700,0.74375697,0.74409605,0.00020368,0.00006441,10
3,1750,0.74368621,0.74403901,0.00019809,0.00006264,10
3,1800,0.74362399,0.74399603,0.00019396,0.00006134,10
3,1850,0.74356487,0.74395117,0.00018333,0.00005797,10
3,1900,0.74350086,0.74389890,0.00017651,0.00005582,10
3,1950,0.74344506,0.74385140,0.00017172,0.00005430,10
3,2000,0.74339627,0.74381437,0.00017109,0.00005410,10
3,2050,,0.74377755,0.00015850,0.00005012,10
3,2100,,0.74373708,0.00015768,0.00004986,10
3,2150,,0.74369813,0.00015582,0.00004928,10
3,2200,,0.74366513,0.00015477,0.00004894,10
3,2250,,0.74363065,0.00014740,0.00004661,10
3,2263,,0.74339448,0.00000000,0.00000000,1
3,2286,,0.74339541,0.00000000,0.00000000,1
3,2300,,0.74364306,0.00010599,0.00003747,8
3,2350,,0.74360906,0.00009775,0.00003456,8
3,2400,,0.74357876,0.00009520,0.00003366,8
3,2450,,0.74354787,0.00009241,0.00003267,8
3,2500,,0.74352019,0.00008777,0.00003103,8
3,2542,,0.74339581,0.00000000,0.00000000,1
3,2550,,0.74350449,0.00008403,0.00003176,7
3,2570,,0.74339521,0.00000000,0.00000000,1
3,2600,,0.74349440,0.00007407,0.00003024,6
3,2634,,0.74339570,0.00000000,0.00000000,1
3,2650,,0.74348084,0.00006301,0.00002818,5
3,2686,,0.74339587,0.00000000,0.00000000,1
3,2700,,0.74346954,0.00005755,0.00002877,4
3,2712,,0.74339609,0.00000000,0.00000000,1
3,2750,,0.74346532,0.00004982,0.00002876,3
3,2770,,0.74339613,0.00000000,0.00000000,1
3,2800,,0.74346605,0.00004327,0.00003059,2
3,2850,,0.74343541,0.00005161,0.00003650,2
3,2856,,0.74339481,0.00000000,0.00000000,1
3,2900,,0.74344801,0.00000000,0.00000000,1
3,2950,,0.74342996,0.00000000,0.00000000,1
3,2988,,0.74339590,0.00000000,0.00000000,1
4,1,0.92069242,0.92069242,0.00000000,0.00000000,10
4,50,0.72829544,0.74162392,0.00701348,0.00221786,10
4,100,0.72155015,0.72894032,0.00316932,0.00100223,10
4,150,0.71846318,0.72405063,0.00203294,0.00064287,10
4,200,0.71719674,0.72122952,0.00142622,0.00045101,10
4,250,0.71631940,0.71950033,0.00109057,0.00034487,10
4,300,0.71559000,0.71823724,0.00087511,0.00027674,10
4,350,0.71503810,0.71735574,0.00073532,0.00023253,10
4,400,0.71458352,0.71664922,0.00064194,0.00020300,10
4,450,0.71420056,0.71607398,0.00057935,0.00018321,10
4,500,0.71388152,0.71559853,0.00051313,0.00016227,10
4,550,0.71362604,0.71522403,0.00046290,0.00014638,10
4,600,0.71337469,0.71491523,0.00043789,0.00013847,10
4,650,0.71319768,0.71461522,0.00041032,0.00012975,10
4,700,0.71300423,0.71435594,0.00039858,0.00012604,10
4,750,0.71283883,0.71412906,0.00040506,0.00012809,10
4,800,0.71267840,0.71389864,0.00039960,0.00012636,10
4,850,0.71253286,0.71369457,0.00037705,0.00011923,10
4,900,0.71243395,0.71350970,0.00036397,0.00011510,10
4,950,0.71229905,0.71334274,0.00032946,0.00010418,10
4,1000,0.71219792,0.71319683,0.00031480,0.00009955,10
4,1050,0.71210706,0.71305110,0.00029880,0.00009449,10
4,1100,0.71202249,0.71291917,0.00029227,0.00009242,10
4,1150,0.71192920,0.71279620,0.00029927,0.00009464,10
4,1200,0.71185203,0.71268218,0.00028708,0.00009078,10
4,1250,0.71179300,0.71257030,0.00027385,0.00008660,10
4,1300,0.71172435,0.71246917,0.00026013,0.00008226,10
4,1350,0.71164644,0.71237372,0.00025429,0.00008041,10
4,1400,0.71158892,0.71227714,0.00024610,0.00007783,10
4,1450,0.71153477,0.71219380,0.00023972,0.00007581,10
4,1500,0.71148000,0.71210614,0.00024070,0.00007612,10
4,1550,0.71142773,0.71203760,0.00024191,0.00007650,10
4,1600,0.71137900,0.71195923,0.00023652,0.00007479,10
4,1650,0.71132451,0.71188814,0.00022911,0.00007245,10
4,1700,0.71127929,0.71182565,0.00022013,0.00006961,10
4,1750,0.71123449,0.71175777,0.00021387,0.00006763,10
4,1800,0.71119043,0.71169016,0.00021288,0.00006732,10
4,1850,0.71115602,0.71163273,0.00020982,0.00006635,10
4,1900,0.71111665,0.71157366,0.00019820,0.00006268,10
4,1950,0.71108440,0.71152162,0.00019481,0.00006160,10
4,2000,0.71104705,0.71147388,0.00018804,0.00005946,10
4,2050,,0.71142747,0.00018312,0.00005791,10
4,2100,,0.71137628,0.00018125,0.00005732,10
4,2150,,0.71133097,0.00017602,0.00005566,10
4,2200,,0.71128656,0.00017819,0.00005635,10
4,2214,,0.71104640,0.00000000,0.00000000,1
4,2250,,0.71126802,0.00016591,0.00005530,9
4,2267,,0.71104671,0.00000000,0.00000000,1
4,2277,,0.71104673,0.00000000,0.00000000,1
4,2287,,0.71104495,0.00000000,0.00000000,1
4,2300,,0.71132524,0.00009108,0.00003718,6
4,2350,,0.71128099,0.00009081,0.00003707,6
4,2400,,0.71124234,0.00008712,0.00003557,6
4,2450,,0.71120693,0.00008909,0.00003637,6
4,2500,,0.71116624,0.00008728,0.00003563,6
4,2538,,0.71104653,0.00000000,0.00000000,1
4,2550,,0.71115204,0.00007746,0.00003464,5
4,2557,,0.71104636,0.00000000,0.00000000,1
4,2600,,0.71114375,0.00005629,0.00002815,4
4,2650,,0.71110279,0.00005523,0.00002761,4
4,2679,,0.71104642,0.00000040,0.00000028,2
4,2700,,0.71111469,0.00004707,0.00003328,2
4,2750,,0.71108009,0.00004515,0.00003193,2
4,2754,,0.71104529,0.00000000,0.00000000,1
4,2800,,0.71107997,0.00000000,0.00000000,1
4,2849,,0.71104632,0.00000000,0.00000000,1
