network_id,method,iteration,opt_gap,rm_regret,objective,cum_runtime_s
0,1,1,0.13350133,0.18203837,0.37406745,0.002602
0,1,250,0.00052705,0.00236783,0.24109317,0.291030
0,1,500,0.00017037,0.00142217,0.24073649,0.584159
0,1,750,0.00003459,0.00108345,0.24060071,0.873040
0,1,850,0.00000000,0.00099974,0.24056612,0.989858
0,2,1,0.13350133,0.18249606,0.37406745,0.074546
0,2,250,0.00040799,0.00215150,0.24097411,17.971047
0,2,500,0.00014891,0.00133245,0.24071503,36.027486
0,2,750,0.00004617,0.00106214,0.24061228,54.172806
0,2,868,0.00000853,0.00099813,0.24057465,62.679893
1,1,1,0.17424737,0.78644245,0.73275539,0.002030
1,1,250,0.00808587,0.02857354,0.56659389,0.362114
1,1,500,0.00602936,0.01862247,0.56453739,0.712472
1,1,750,0.00499227,0.01523338,0.56350029,1.066176
1,1,1000,0.00436460,0.01286100,0.56287262,1.412641
1,1,1250,0.00388561,0.01144865,0.56239364,1.777650
1,1,1500,0.00355295,0.01020888,0.56206097,2.137923
1,1,1750,0.00327267,0.00942067,0.56178070,2.486336
1,1,2000,0.00304043,0.00870175,0.56154845,2.840002
1,1,2250,0.00285555,0.00819112,0.56136357,3.186710
1,1,2500,0.00269336,0.00775700,0.56120139,3.538235
1,1,2750,0.00255398,0.00735809,0.56106200,3.884784
1,1,3000,0.00243214,0.00711563,0.56094017,4.233080
1,1,3250,0.00232835,0.00677748,0.56083637,4.594222
1,1,3500,0.00223771,0.00655602,0.56074573,4.949878
1,1,3750,0.00215003,0.00628518,0.56065806,5.299235
1,1,4000,0.00207365,0.00607810,0.56058167,5.657628
1,1,4250,0.00200210,0.00592343,0.56051012,6.025559
1,1,4500,0.00193937,0.00570944,0.56044740,6.392182
1,1,4750,0.00187656,0.00556898,0.56038458,6.754042
1,1,5000,0.00181852,0.00542800,0.56032655,7.101375
1,1,5250,0.00176621,0.00532253,0.56027423,7.470664
1,1,5500,0.00171718,0.00520082,0.56022521,7.832858
1,1,5750,0.00167325,0.00503676,0.56018128,8.190076
1,1,6000,0.00162915,0.00497878,0.56013717,8.549396
1,1,6250,0.00159126,0.00482737,0.56009929,8.917814
1,1,6500,0.00155336,0.00475544,0.56006138,9.288881
1,1,6750,0.00151912,0.00465922,0.56002714,9.640972
1,1,7000,0.00148719,0.00460353,0.55999522,9.990335
1,1,7250,0.00145726,0.00449383,0.55996529,10.359757
1,1,7500,0.00142714,0.00444811,0.55993516,10.728032
1,1,7750,0.00139978,0.00434174,0.55990780,11.077005
1,1,8000,0.00137205,0.00430239,0.55988008,11.430024
1,1,8250,0.00134700,0.00422099,0.55985503,11.787866
1,1,8500,0.00132219,0.00415988,0.55983022,12.146036
1,1,8750,0.00129828,0.00407640,0.55980631,12.508671
1,1,9000,0.00127527,0.00405684,0.55978329,12.869802
1,1,9250,0.00125453,0.00396782,0.55976256,13.220872
1,1,9500,0.00123245,0.00391441,0.55974048,13.579073
1,1,9750,0.00121278,0.00388996,0.55972081,13.930373
1,1,10000,0.00119302,0.00381482,0.55970105,14.283451
1,1,10250,0.00117417,0.00376582,0.55968220,14.647069
1,1,10500,0.00115648,0.00375271,0.55966451,15.002336
1,1,10750,0.00113881,0.00369239,0.55964683,15.354998
1,1,11000,0.00112173,0.00365162,0.55962976,15.706999
1,1,11250,0.00110548,0.00361252,0.55961350,16.058447
1,1,11500,0.00108941,0.00356239,0.55959743,16.409919
1,1,11750,0.00107421,0.00352855,0.55958224,16.759622
1,1,12000,0.00105911,0.00348388,0.55956713,17.113610
1,1,12250,0.00104466,0.00346190,0.55955269,17.466241
1,1,12500,0.00103032,0.00341984,0.55953834,17.815325
1,1,12750,0.00101647,0.00339916,0.55952450,18.164552
1,1,13000,0.00100289,0.00335631,0.55951091,18.530448
1,1,13250,0.00099035,0.00331529,0.55949838,18.886792
1,1,13500,0.00097765,0.00329125,0.55948568,19.237230
1,1,13750,0.00096570,0.00327463,0.55947373,19.588610
1,1,14000,0.00095346,0.00322479,0.55946149,19.935971
1,1,14250,0.00094165,0.00320437,0.55944967,20.303837
1,1,14500,0.00093005,0.00316855,0.55943808,20.669275
1,1,14750,0.00091946,0.00315874,0.55942748,21.029436
1,1,15000,0.00090868,0.00312932,0.55941670,21.382660
1,1,15250,0.00089830,0.00309814,0.55940632,21.741575
1,1,15500,0.00088796,0.00308080,0.55939598,22.104272
1,1,15750,0.00087786,0.00304270,0.55938589,22.467074
1,1,16000,0.00086769,0.00303363,0.55937572,22.826273
1,1,16250,0.00085814,0.00299920,0.55936616,23.182303
1,1,16500,0.00084860,0.00296624,0.55935662,23.549817
1,1,16750,0.00083941,0.00294870,0.55934743,23.909720
1,1,17000,0.00083019,0.00292686,0.55933821,24.265802
1,1,17250,0.00082126,0.00291087,0.55932929,24.612379
1,1,17500,0.00081270,0.00289691,0.55932072,24.957819
1,1,17750,0.00080375,0.00287439,0.55931178,25.302737
1,1,18000,0.00079514,0.00285453,0.55930317,25.660157
1,1,18250,0.00078699,0.00282626,0.55929502,26.016709
1,1,18500,0.00077909,0.00280763,0.55928712,26.370058
1,1,18750,0.00077119,0.00278601,0.55927922,26.723829
1,1,19000,0.00076341,0.00276568,0.55927144,27.079927
1,1,19250,0.00075593,0.00274802,0.55926396,27.445158
1,1,19500,0.00074829,0.00273012,0.55925631,27.795869
1,1,19750,0.00074087,0.00271591,0.55924889,28.141249
1,1,20000,0.00073372,0.00269215,0.55924175,28.502111
1,1,20250,0.00072639,0.00267769,0.55923442,28.860839
1,1,20500,0.00071965,0.00266436,0.55922767,29.211696
1,1,20750,0.00071301,0.00264123,0.55922103,29.573038
1,1,21000,0.00070602,0.00263709,0.55921404,29.936298
1,1,21250,0.00069959,0.00261129,0.55920762,30.303952
1,1,21500,0.00069323,0.00259929,0.55920126,30.669705
1,1,21750,0.00068711,0.00258076,0.55919513,31.019539
1,1,22000,0.00068099,0.00257046,0.55918901,31.379560
1,1,22250,0.00067486,0.00255785,0.55918289,31.737721
1,1,22500,0.00066870,0.00253836,0.55917672,32.092606
1,1,22750,0.00066285,0.00252562,0.55917087,32.457588
1,1,23000,0.00065690,0.00251898,0.55916493,32.825488
1,1,23250,0.00065117,0.00249644,0.55915920,33.171761
1,1,23500,0.00064554,0.00248311,0.55915356,33.520360
1,1,23750,0.00064012,0.00247512,0.55914815,33.867893
1,1,24000,0.00063482,0.00245815,0.55914285,34.219867
1,1,24250,0.00062947,0.00244282,0.55913749,34.583524
1,1,24500,0.00062425,0.00244084,0.55913227,34.947365
1,1,24750,0.00061892,0.00242896,0.55912695,35.311770
1,1,25000,0.00061368,0.00241655,0.55912171,35.668189
1,1,25250,0.00060856,0.00239948,0.55911658,36.014457
1,1,25500,0.00060347,0.00238720,0.55911149,36.363405
1,1,25750,0.00059849,0.00238188,0.55910652,36.713631
1,1,26000,0.00059350,0.00236364,0.55910153,37.061993
1,1,26250,0.00058850,0.00235051,0.55909653,37.423685
1,1,26500,0.00058376,0.00233850,0.55909178,37.788923
1,1,26750,0.00057911,0.00233494,0.55908714,38.147828
1,1,27000,0.00057453,0.00231284,0.55908255,38.505070
1,1,27250,0.00056997,0.00230306,0.55907800,38.863513
1,1,27500,0.00056548,0.00229664,0.55907350,39.214701
1,1,27750,0.00056108,0.00228357,0.55906911,39.565833
1,1,28000,0.00055684,0.00227328,0.55906486,39.917214
1,1,28250,0.00055250,0.00226314,0.55906053,40.264323
1,1,28500,0.00054827,0.00226246,0.55905629,40.615443
1,1,28750,0.00054416,0.00224369,0.55905219,40.964660
1,1,29000,0.00053984,0.00223255,0.55904786,41.315934
1,1,29250,0.00053584,0.00222177,0.55904386,41.672275
1,1,29500,0.00053191,0.00221391,0.55903993,42.019796
1,1,29750,0.00052786,0.00220296,0.55903589,42.367006
1,1,30000,0.00052389,0.00219749,0.55903192,42.718153
1,1,30250,0.00051991,0.00218692,0.55902794,43.065462
1,1,30500,0.00051615,0.00217889,0.55902418,43.431714
1,1,30750,0.00051222,0.00217218,0.55902024,43.796834
1,1,31000,0.00050848,0.00215973,0.55901651,44.164734
1,1,31250,0.00050475,0.00215457,0.55901278,44.533907
1,1,31500,0.00050112,0.00214295,0.55900914,44.899502
1,1,31750,0.00049744,0.00214173,0.55900547,45.258668
1,1,32000,0.00049384,0.00212646,0.55900187,45.608118
1,1,32250,0.00049043,0.00211847,0.55899846,45.957291
1,1,32500,0.00048680,0.00210845,0.55899483,46.304217
1,1,32750,0.00048328,0.00210106,0.55899130,46.650358
1,1,33000,0.00047983,0.00209212,0.55898786,46.997356
1,1,33250,0.00047645,0.00208894,0.55898447,47.347259
1,1,33500,0.00047309,0.00207983,0.55898112,47.694185
1,1,33750,0.00046976,0.00207692,0.55897778,48.046262
1,1,34000,0.00046655,0.00206446,0.55897458,48.395972
1,1,34250,0.00046325,0.00206163,0.55897127,48.742945
1,1,34500,0.00045998,0.00204553,0.55896801,49.092162
1,1,34750,0.00045673,0.00204267,0.55896475,49.441760
1,1,35000,0.00045352,0.00203734,0.55896155,49.788558
1,1,35250,0.00045046,0.00202547,0.55895848,50.134559
1,1,35500,0.00044733,0.00201538,0.55895535,50.484591
1,1,35750,0.00044418,0.00200873,0.55895220,50.831757
1,1,36000,0.00044127,0.00200636,0.55894929,51.179688
1,1,36250,0.00043827,0.00199537,0.55894630,51.526270
1,1,36500,0.00043526,0.00199427,0.55894329,51.871940
1,1,36750,0.00043236,0.00198345,0.55894038,52.226178
1,1,37000,0.00042940,0.00197585,0.55893742,52.571955
1,1,37250,0.00042644,0.00197573,0.55893446,52.917906
1,1,37500,0.00042359,0.00196923,0.55893162,53.272182
1,1,37750,0.00042073,0.00195527,0.55892875,53.619580
1,1,38000,0.00041792,0.00195608,0.55892594,53.966425
1,1,38250,0.00041512,0.00194637,0.55892315,54.311490
1,1,38500,0.00041243,0.00193606,0.55892045,54.657144
1,1,38750,0.00040974,0.00193338,0.55891777,55.015986
1,1,39000,0.00040704,0.00192574,0.55891507,55.369520
1,1,39250,0.00040440,0.00191863,0.55891242,55.725645
1,1,39500,0.00040176,0.00191136,0.55890979,56.074362
1,1,39750,0.00039916,0.00190502,0.55890719,56.434869
1,1,40000,0.00039646,0.00189841,0.55890449,56.786428
1,1,40250,0.00039385,0.00189326,0.55890188,57.139204
1,1,40500,0.00039131,0.00189364,0.55889934,57.486965
1,1,40750,0.00038875,0.00188141,0.55889678,57.832762
1,1,41000,0.00038624,0.00187559,0.55889427,58.182126
1,1,41250,0.00038379,0.00187688,0.55889181,58.528488
1,1,41500,0.00038126,0.00186371,0.55888928,58.875223
1,1,41750,0.00037882,0.00185958,0.55888684,59.226637
1,1,42000,0.00037645,0.00185966,0.55888447,59.575383
1,1,42250,0.00037400,0.00184984,0.55888203,59.931864
1,1,42500,0.00037161,0.00184794,0.55887963,60.283277
1,1,42750,0.00036929,0.00183591,0.55887731,60.632516
1,1,43000,0.00036700,0.00183793,0.55887502,60.984229
1,1,43250,0.00036470,0.00182520,0.55887273,61.342316
1,1,43500,0.00036230,0.00182595,0.55887033,61.701805
1,1,43750,0.00036008,0.00181581,0.55886811,62.054525
1,1,44000,0.00035788,0.00181023,0.55886590,62.406655
1,1,44250,0.00035561,0.00180587,0.55886364,62.758934
1,1,44500,0.00035342,0.00180024,0.55886145,63.107317
1,1,44750,0.00035125,0.00179658,0.55885927,63.465203
1,1,45000,0.00034897,0.00179023,0.55885700,63.812780
1,1,45250,0.00034686,0.00179025,0.55885488,64.168616
1,1,45500,0.00034473,0.00178288,0.55885275,64.521485
1,1,45750,0.00034259,0.00177479,0.55885061,64.870017
1,1,46000,0.00034047,0.00177011,0.55884850,65.229545
1,1,46250,0.00033841,0.00176523,0.55884644,65.585837
1,1,46500,0.00033633,0.00176580,0.55884436,65.937345
1,1,46750,0.00033427,0.00175668,0.55884230,66.290178
1,1,47000,0.00033220,0.00175045,0.55884023,66.643955
1,1,47250,0.00033021,0.00174881,0.55883824,66.992866
1,1,47500,0.00032817,0.00174583,0.55883620,67.350316
1,1,47750,0.00032615,0.00174261,0.55883418,67.702133
1,1,48000,0.00032419,0.00173258,0.55883221,68.052293
1,1,48250,0.00032223,0.00173246,0.55883025,68.405065
1,1,48500,0.00032032,0.00172887,0.55882834,68.767108
1,1,48750,0.00031844,0.00172495,0.55882646,69.124946
1,1,49000,0.00031654,0.00171423,0.55882456,69.472665
1,1,49250,0.00031452,0.00171096,0.55882254,69.822229
1,1,49500,0.00031262,0.00170549,0.55882064,70.171190
1,1,49750,0.00031073,0.00170356,0.55881875,70.528349
1,1,50000,0.00030889,0.00170191,0.55881692,70.876653
1,1,50250,0.00030707,0.00169384,0.55881509,71.231540
1,1,50500,0.00030517,0.00169413,0.55881319,71.581257
1,1,50750,0.00030338,0.00168377,0.55881141,71.928978
1,1,51000,0.00030159,0.00168531,0.55880961,72.280296
1,1,51250,0.00029976,0.00167871,0.55880779,72.627986
1,1,51500,0.00029802,0.00167213,0.55880604,72.979225
1,1,51750,0.00029620,0.00166772,0.55880423,73.343280
1,1,52000,0.00029444,0.00166420,0.55880246,73.696961
1,1,52250,0.00029269,0.00165984,0.55880072,74.051708
1,1,52500,0.00029085,0.00165600,0.55879888,74.401541
1,1,52750,0.00028916,0.00165261,0.55879719,74.753951
1,1,53000,0.00028742,0.00165028,0.55879545,75.108743
1,1,53250,0.00028570,0.00164411,0.55879372,75.457877
1,1,53500,0.00028404,0.00163985,0.55879207,75.810036
1,1,53750,0.00028232,0.00163856,0.55879035,76.158673
1,1,54000,0.00028067,0.00163241,0.55878869,76.512423
1,1,54250,0.00027902,0.00163005,0.55878705,76.860003
1,1,54500,0.00027735,0.00162555,0.55878537,77.216201
1,1,54750,0.00027564,0.00162170,0.55878367,77.566484
1,1,55000,0.00027403,0.00161747,0.55878206,77.916530
1,1,55250,0.00027241,0.00161306,0.55878043,78.265651
1,1,55500,0.00027087,0.00160967,0.55877889,78.617872
1,1,55750,0.00026927,0.00160622,0.55877729,78.968489
1,1,56000,0.00026767,0.00160492,0.55877569,79.321489
1,1,56250,0.00026611,0.00160126,0.55877413,79.678389
1,1,56500,0.00026452,0.00159451,0.55877255,80.029812
1,1,56750,0.00026293,0.00159666,0.55877095,80.375736
1,1,57000,0.00026135,0.00158746,0.55876938,80.730621
1,1,57250,0.00025983,0.00158673,0.55876786,81.079313
1,1,57500,0.00025832,0.00158218,0.55876635,81.426940
1,1,57750,0.00025681,0.00157971,0.55876483,81.776748
1,1,58000,0.00025527,0.00157907,0.55876330,82.128614
1,1,58250,0.00025376,0.00157184,0.55876178,82.476773
1,1,58500,0.00025223,0.00156777,0.55876026,82.827373
1,1,58750,0.00025078,0.00156531,0.55875881,83.176079
1,1,59000,0.00024931,0.00156336,0.55875734,83.523601
1,1,59250,0.00024786,0.00155775,0.55875588,83.881222
1,1,59500,0.00024637,0.00155490,0.55875440,84.233931
1,1,59750,0.00024496,0.00155316,0.55875299,84.582908
1,1,60000,0.00024359,0.00154811,0.55875161,84.932022
1,1,60250,0.00024216,0.00154701,0.55875018,85.287355
1,1,60500,0.00024072,0.00154374,0.55874874,85.645499
1,1,60750,0.00023928,0.00154040,0.55874731,85.997520
1,1,61000,0.00023789,0.00153479,0.55874592,86.348236
1,1,61250,0.00023648,0.00153625,0.55874451,86.695846
1,1,61500,0.00023516,0.00153096,0.55874319,87.052797
1,1,61750,0.00023377,0.00152650,0.55874179,87.404850
1,1,62000,0.00023239,0.00152226,0.55874042,87.761637
1,1,62250,0.00023102,0.00152012,0.55873904,88.118488
1,1,62500,0.00022964,0.00151635,0.55873766,88.475680
1,1,62750,0.00022826,0.00151248,0.55873629,88.832888
1,1,63000,0.00022694,0.00150974,0.55873497,89.187419
1,1,63250,0.00022562,0.00150845,0.55873364,89.534678
1,1,63500,0.00022430,0.00150444,0.55873233,89.887258
1,1,63750,0.00022301,0.00150185,0.55873103,90.244737
1,1,64000,0.00022169,0.00150199,0.55872972,90.595754
1,1,64250,0.00022041,0.00149548,0.55872844,90.947944
1,1,64500,0.00021911,0.00149298,0.55872714,91.300818
1,1,64750,0.00021785,0.00149022,0.55872587,91.651520
1,1,65000,0.00021661,0.00148908,0.55872463,92.004800
1,1,65250,0.00021536,0.00148301,0.55872338,92.354945
1,1,65500,0.00021407,0.00148122,0.55872210,92.710901
1,1,65750,0.00021282,0.00148207,0.55872084,93.060823
1,1,66000,0.00021155,0.00147594,0.55871957,93.414355
1,1,66250,0.00021029,0.00147230,0.55871831,93.770018
1,1,66500,0.00020906,0.00146965,0.55871708,94.124931
1,1,66750,0.00020777,0.00146885,0.55871580,94.473178
1,1,67000,0.00020656,0.00146736,0.55871459,94.823622
1,1,67250,0.00020534,0.00146234,0.55871337,95.173180
1,1,67500,0.00020410,0.00145849,0.55871212,95.519901
1,1,67750,0.00020288,0.00145921,0.55871091,95.873540
1,1,68000,0.00020168,0.00145352,0.55870971,96.222577
1,1,68250,0.00020050,0.00145030,0.55870852,96.574329
1,1,68500,0.00019926,0.00144688,0.55870728,96.926402
1,1,68750,0.00019807,0.00144546,0.55870610,97.273092
1,1,69000,0.00019688,0.00144204,0.55870490,97.630780
1,1,69250,0.00019574,0.00143993,0.55870376,97.989667
1,1,69500,0.00019454,0.00143714,0.55870257,98.341992
1,1,69750,0.00019338,0.00143498,0.55870140,98.696861
1,1,70000,0.00019220,0.00143179,0.55870022,99.051900
1,1,70250,0.00019104,0.00142923,0.55869906,99.400992
1,1,70500,0.00018989,0.00142823,0.55869792,99.762275
1,1,70750,0.00018879,0.00142547,0.55869681,100.119023
1,1,71000,0.00018763,0.00142097,0.55869566,100.464875
1,1,71250,0.00018654,0.00141899,0.55869457,100.822863
1,1,71500,0.00018545,0.00141651,0.55869347,101.179450
1,1,71750,0.00018429,0.00141450,0.55869232,101.528455
1,1,72000,0.00018316,0.00141191,0.55869119,101.877464
1,1,72250,0.00018207,0.00141001,0.55869010,102.227043
1,1,72500,0.00018099,0.00140582,0.55868902,102.574402
1,1,72750,0.00017988,0.00140767,0.55868791,102.922039
1,1,73000,0.00017882,0.00140384,0.55868684,103.271562
1,1,73250,0.00017776,0.00139982,0.55868579,103.621556
1,1,73500,0.00017671,0.00139749,0.55868473,103.978081
1,1,73750,0.00017567,0.00139503,0.55868370,104.330769
1,1,74000,0.00017462,0.00139204,0.55868264,104.690138
1,1,74250,0.00017359,0.00138924,0.55868162,105.043112
1,1,74500,0.00017254,0.00138683,0.55868056,105.395243
1,1,74750,0.00017154,0.00138506,0.55867956,105.742663
1,1,75000,0.00017049,0.00138270,0.55867851,106.089441
1,1,75250,0.00016946,0.00138036,0.55867748,106.441072
1,1,75500,0.00016847,0.00138140,0.55867650,106.791538
1,1,75750,0.00016744,0.00137565,0.55867546,107.147908
1,1,76000,0.00016639,0.00137622,0.55867442,107.506232
1,1,76250,0.00016538,0.00137199,0.55867341,107.864052
1,1,76500,0.00016437,0.00136933,0.55867239,108.219652
1,1,76750,0.00016339,0.00136668,0.55867141,108.573970
1,1,77000,0.00016238,0.00136722,0.55867040,108.925306
1,1,77250,0.00016137,0.00136190,0.55866939,109.277909
1,1,77500,0.00016036,0.00136178,0.55866838,109.632592
1,1,77750,0.00015937,0.00135800,0.55866740,109.980602
1,1,78000,0.00015840,0.00135583,0.55866643,110.334799
1,1,78250,0.00015744,0.00135517,0.55866546,110.690385
1,1,78500,0.00015643,0.00135235,0.55866445,111.037685
1,1,78750,0.00015548,0.00135207,0.55866351,111.393263
1,1,79000,0.00015455,0.00135015,0.55866258,111.746080
1,1,79250,0.00015361,0.00134425,0.55866163,112.102410
1,1,79500,0.00015265,0.00134250,0.55866068,112.455199
1,1,79750,0.00015170,0.00134113,0.55865972,112.809258
1,1,80000,0.00015072,0.00133790,0.55865874,113.163059
1,1,80250,0.00014976,0.00133858,0.55865779,113.514722
1,1,80500,0.00014884,0.00133337,0.55865686,113.864185
1,1,80750,0.00014789,0.00133224,0.55865592,114.214449
1,1,81000,0.00014695,0.00132985,0.55865498,114.561778
1,1,81250,0.00014600,0.00132854,0.55865403,114.911264
1,1,81500,0.00014509,0.00132473,0.55865312,115.262630
1,1,81750,0.00014420,0.00132468,0.55865222,115.612935
1,1,82000,0.00014329,0.00132230,0.55865132,115.965057
1,1,82250,0.00014238,0.00131902,0.55865040,116.319356
1,1,82500,0.00014146,0.00132041,0.55864949,116.669657
1,1,82750,0.00014050,0.00131462,0.55864852,117.018674
1,1,83000,0.00013962,0.00131605,0.55864764,117.369970
1,1,83250,0.00013871,0.00131084,0.55864674,117.724360
1,1,83500,0.00013785,0.00130929,0.55864588,118.075563
1,1,83750,0.00013697,0.00130865,0.55864499,118.424768
1,1,84000,0.00013611,0.00130878,0.55864413,118.776624
1,1,84250,0.00013519,0.00130463,0.55864322,119.125209
1,1,84500,0.00013432,0.00130303,0.55864234,119.475513
1,1,84750,0.00013343,0.00129991,0.55864146,119.823598
1,1,85000,0.00013256,0.00130082,0.55864059,120.174658
1,1,85250,0.00013169,0.00129548,0.55863971,120.528579
1,1,85500,0.00013081,0.00129359,0.55863884,120.879367
1,1,85750,0.00012997,0.00129294,0.55863800,121.231183
1,1,86000,0.00012910,0.00129093,0.55863712,121.581489
1,1,86250,0.00012826,0.00129075,0.55863629,121.932807
1,1,86500,0.00012741,0.00128716,0.55863544,122.284342
1,1,86750,0.00012659,0.00128369,0.55863461,122.635650
1,1,87000,0.00012574,0.00128506,0.55863377,122.985956
1,1,87250,0.00012492,0.00128068,0.55863295,123.340736
1,1,87500,0.00012409,0.00127930,0.55863212,123.690313
1,1,87750,0.00012330,0.00127780,0.55863132,124.042418
1,1,88000,0.00012248,0.00127461,0.55863050,124.393390
1,1,88250,0.00012168,0.00127335,0.55862970,124.749681
1,1,88500,0.00012092,0.00127361,0.55862894,125.101417
1,1,88750,0.00012010,0.00127050,0.55862813,125.452083
1,1,89000,0.00011930,0.00126813,0.55862733,125.804079
1,1,89250,0.00011851,0.00126542,0.55862653,126.154756
1,1,89500,0.00011776,0.00126407,0.55862579,126.507224
1,1,89750,0.00011699,0.00126348,0.55862502,126.857966
1,1,90000,0.00011623,0.00126202,0.55862426,127.211100
1,1,90250,0.00011546,0.00126004,0.55862348,127.566387
1,1,90500,0.00011467,0.00125711,0.55862270,127.918731
1,1,90750,0.00011388,0.00125657,0.55862190,128.270910
1,1,91000,0.00011310,0.00125488,0.55862112,128.623288
1,1,91250,0.00011236,0.00125141,0.55862038,128.975566
1,1,91500,0.00011159,0.00124974,0.55861961,129.328231
1,1,91750,0.00011081,0.00124955,0.55861883,129.679133
1,1,92000,0.00011003,0.00124635,0.55861806,130.029786
1,1,92250,0.00010925,0.00124534,0.55861727,130.381169
1,1,92500,0.00010848,0.00124550,0.55861650,130.725819
1,1,92750,0.00010777,0.00124124,0.55861579,131.077885
1,1,93000,0.00010703,0.00124277,0.55861506,131.429236
1,1,93250,0.00010626,0.00123858,0.55861429,131.784516
1,1,93500,0.00010554,0.00123922,0.55861356,132.135855
1,1,93750,0.00010481,0.00123545,0.55861283,132.486711
1,1,94000,0.00010405,0.00123270,0.55861207,132.836120
1,1,94250,0.00010333,0.00123105,0.55861135,133.186070
1,1,94500,0.00010260,0.00123022,0.55861063,133.537284
1,1,94750,0.00010189,0.00122780,0.55860992,133.887522
1,1,95000,0.00010117,0.00122626,0.55860920,134.238826
1,1,95250,0.00010044,0.00122499,0.55860847,134.594689
1,1,95500,0.00009975,0.00122601,0.55860778,134.946860
1,1,95750,0.00009901,0.00122417,0.55860704,135.296909
1,1,96000,0.00009830,0.00122044,0.55860633,135.647886
1,1,96250,0.00009755,0.00121818,0.55860557,135.998689
1,1,96500,0.00009682,0.00121685,0.55860484,136.349764
1,1,96750,0.00009609,0.00121782,0.55860412,136.700086
1,1,97000,0.00009538,0.00121353,0.55860341,137.054835
1,1,97250,0.00009465,0.00121172,0.55860268,137.404439
1,1,97500,0.00009395,0.00120994,0.55860198,137.755515
1,1,97750,0.00009328,0.00120906,0.55860131,138.107110
1,1,98000,0.00009257,0.00120981,0.55860060,138.457552
1,1,98250,0.00009193,0.00120572,0.55859995,138.809477
1,1,98500,0.00009122,0.00120439,0.55859925,139.159676
1,1,98750,0.00009057,0.00120283,0.55859859,139.511655
1,1,99000,0.00008987,0.00120137,0.55859790,139.865593
1,1,99250,0.00008916,0.00120063,0.55859718,140.216653
1,1,99500,0.00008849,0.00120061,0.55859651,140.567637
1,1,99750,0.00008782,0.00119882,0.55859585,140.919089
1,1,100000,0.00008714,0.00119449,0.55859517,141.274026
1,1,100250,0.00008645,0.00119344,0.55859448,141.624539
1,1,100500,0.00008578,0.00119228,0.55859380,141.973939
1,1,100750,0.00008507,0.00119118,0.55859310,142.322798
1,1,101000,0.00008440,0.00118871,0.55859243,142.672872
1,1,101250,0.00008377,0.00118773,0.55859180,143.023572
1,1,101500,0.00008311,0.00118594,0.55859114,143.374368
1,1,101750,0.00008245,0.00118515,0.55859048,143.723684
1,1,102000,0.00008179,0.00118561,0.55858982,144.076891
1,1,102250,0.00008115,0.00118363,0.55858917,144.427932
1,1,102500,0.00008047,0.00118081,0.55858850,144.777644
1,1,102750,0.00007981,0.00117972,0.55858783,145.129632
1,1,103000,0.00007918,0.00117709,0.55858720,145.480195
1,1,103250,0.00007855,0.00117588,0.55858657,145.832009
1,1,103500,0.00007788,0.00117458,0.55858591,146.181437
1,1,103750,0.00007722,0.00117278,0.55858524,146.530792
1,1,104000,0.00007655,0.00117207,0.55858457,146.884402
1,1,104250,0.00007587,0.00116931,0.55858390,147.232761
1,1,104500,0.00007524,0.00116906,0.55858326,147.584002
1,1,104750,0.00007460,0.00116713,0.55858262,147.934328
1,1,105000,0.00007397,0.00116623,0.55858200,148.290358
1,1,105250,0.00007336,0.00116436,0.55858139,148.641182
1,1,105500,0.00007273,0.00116342,0.55858076,148.991036
1,1,105750,0.00007213,0.00116145,0.55858015,149.342328
1,1,106000,0.00007151,0.00116237,0.55857953,149.691552
1,1,106250,0.00007091,0.00115900,0.55857894,150.042571
1,1,106500,0.00007026,0.00115956,0.55857829,150.390014
1,1,106750,0.00006966,0.00115531,0.55857769,150.742503
1,1,107000,0.00006904,0.00115549,0.55857707,151.096220
1,1,107250,0.00006846,0.00115350,0.55857648,151.446641
1,1,107500,0.00006787,0.00115198,0.55857590,151.796464
1,1,107750,0.00006725,0.00115143,0.55857528,152.145469
1,1,108000,0.00006663,0.00114874,0.55857465,152.495387
1,1,108250,0.00006601,0.00114769,0.55857404,152.843633
1,1,108500,0.00006541,0.00114612,0.55857343,153.192950
1,1,108750,0.00006480,0.00114499,0.55857282,153.541394
1,1,109000,0.00006415,0.00114395,0.55857218,153.894489
1,1,109250,0.00006357,0.00114183,0.55857159,154.244897
1,1,109500,0.00006295,0.00114163,0.55857097,154.594839
1,1,109750,0.00006235,0.00114089,0.55857038,154.945135
1,1,110000,0.00006173,0.00113918,0.55856975,155.299193
1,1,110250,0.00006114,0.00113904,0.55856917,155.650843
1,1,110500,0.00006058,0.00113582,0.55856860,156.001533
1,1,110750,0.00005999,0.00113666,0.55856801,156.352152
1,1,111000,0.00005942,0.00113297,0.55856744,156.702749
1,1,111250,0.00005885,0.00113149,0.55856687,157.054999
1,1,111500,0.00005830,0.00113050,0.55856633,157.407409
1,1,111750,0.00005772,0.00112927,0.55856574,157.757167
1,1,112000,0.00005715,0.00112729,0.55856517,158.113284
1,1,112250,0.00005659,0.00112701,0.55856461,158.465557
1,1,112500,0.00005603,0.00112540,0.55856406,158.817260
1,1,112750,0.00005547,0.00112508,0.55856349,159.170037
1,1,113000,0.00005493,0.00112358,0.55856295,159.521443
1,1,113250,0.00005435,0.00112149,0.55856237,159.872975
1,1,113500,0.00005377,0.00112266,0.55856180,160.224761
1,1,113750,0.00005322,0.00111929,0.55856124,160.573149
1,1,114000,0.00005264,0.00111886,0.55856066,160.924528
1,1,114250,0.00005210,0.00111785,0.55856012,161.268892
1,1,114500,0.00005155,0.00111509,0.55855958,161.618550
1,1,114750,0.00005098,0.00111633,0.55855900,161.967818
1,1,115000,0.00005042,0.00111320,0.55855845,162.323455
1,1,115250,0.00004989,0.00111242,0.55855792,162.675105
1,1,115500,0.00004933,0.00111144,0.55855736,163.024075
1,1,115750,0.00004880,0.00110929,0.55855682,163.374990
1,1,116000,0.00004825,0.00110889,0.55855628,163.722715
1,1,116250,0.00004774,0.00110717,0.55855577,164.073943
1,1,116500,0.00004723,0.00110664,0.55855526,164.424380
1,1,116750,0.00004668,0.00110538,0.55855470,164.773700
1,1,117000,0.00004614,0.00110304,0.55855417,165.129138
1,1,117250,0.00004559,0.00110340,0.55855362,165.479194
1,1,117500,0.00004508,0.00110176,0.55855310,165.831335
1,1,117750,0.00004456,0.00110207,0.55855258,166.181842
1,1,118000,0.00004403,0.00109888,0.55855206,166.532600
1,1,118250,0.00004349,0.00109761,0.55855152,166.882193
1,1,118500,0.00004296,0.00109589,0.55855098,167.232669
1,1,118750,0.00004245,0.00109717,0.55855047,167.587967
1,1,119000,0.00004191,0.00109366,0.55854994,167.938666
1,1,119250,0.00004138,0.00109268,0.55854941,168.289577
1,1,119500,0.00004087,0.00109137,0.55854890,168.640709
1,1,119750,0.00004035,0.00109070,0.55854838,168.991998
1,1,120000,0.00003984,0.00108989,0.55854787,169.343953
1,1,120250,0.00003933,0.00108809,0.55854736,169.694792
1,1,120500,0.00003883,0.00108668,0.55854686,170.047236
1,1,120750,0.00003830,0.00108611,0.55854633,170.401563
1,1,121000,0.00003779,0.00108576,0.55854582,170.752198
1,1,121250,0.00003729,0.00108469,0.55854532,171.103018
1,1,121500,0.00003677,0.00108336,0.55854480,171.452222
1,1,121750,0.00003627,0.00108346,0.55854430,171.808384
1,1,122000,0.00003576,0.00108053,0.55854378,172.158528
1,1,122250,0.00003526,0.00107901,0.55854329,172.509623
1,1,122500,0.00003476,0.00107796,0.55854279,172.861430
1,1,122750,0.00003426,0.00107780,0.55854228,173.212680
1,1,123000,0.00003375,0.00107544,0.55854177,173.563269
1,1,123250,0.00003323,0.00107422,0.55854125,173.912784
1,1,123500,0.00003275,0.00107381,0.55854077,174.264845
1,1,123750,0.00003225,0.00107212,0.55854027,174.619115
1,1,124000,0.00003176,0.00107162,0.55853979,174.969765
1,1,124250,0.00003126,0.00107238,0.55853929,175.320224
1,1,124500,0.00003077,0.00107135,0.55853880,175.671357
1,1,124750,0.00003030,0.00106796,0.55853832,176.022851
1,1,125000,0.00002980,0.00106786,0.55853782,176.376054
1,1,125250,0.00002933,0.00106546,0.55853735,176.726666
1,1,125500,0.00002884,0.00106502,0.55853687,177.074787
1,1,125750,0.00002837,0.00106355,0.55853640,177.428870
1,1,126000,0.00002789,0.00106274,0.55853592,177.778667
1,1,126250,0.00002741,0.00106363,0.55853544,178.127791
1,1,126500,0.00002694,0.00106179,0.55853497,178.476729
1,1,126750,0.00002646,0.00105927,0.55853448,178.829370
1,1,127000,0.00002599,0.00105828,0.55853402,179.180149
1,1,127250,0.00002553,0.00105716,0.55853356,179.531302
1,1,127500,0.00002507,0.00105639,0.55853309,179.879801
1,1,127750,0.00002462,0.00105574,0.55853264,180.230469
1,1,128000,0.00002415,0.00105433,0.55853217,180.580234
1,1,128250,0.00002369,0.00105357,0.55853172,180.928983
1,1,128500,0.00002324,0.00105305,0.55853127,181.278797
1,1,128750,0.00002279,0.00105096,0.55853081,181.631419
1,1,129000,0.00002235,0.00105223,0.55853037,181.982174
1,1,129250,0.00002188,0.00105121,0.55852991,182.332458
1,1,129500,0.00002143,0.00104820,0.55852946,182.683130
1,1,129750,0.00002097,0.00104757,0.55852899,183.033085
1,1,130000,0.00002051,0.00104663,0.55852854,183.382872
1,1,130250,0.00002006,0.00104504,0.55852808,183.732456
1,1,130500,0.00001958,0.00104460,0.55852761,184.080801
1,1,130750,0.00001914,0.00104507,0.55852717,184.435855
1,1,131000,0.00001869,0.00104405,0.55852672,184.786007
1,1,131250,0.00001826,0.00104331,0.55852629,185.135818
1,1,131500,0.00001781,0.00104016,0.55852583,185.486453
1,1,131750,0.00001737,0.00103926,0.55852539,185.842453
1,1,132000,0.00001692,0.00103799,0.55852494,186.192078
1,1,132250,0.00001649,0.00103755,0.55852451,186.541245
1,1,132500,0.00001604,0.00103645,0.55852406,186.889075
1,1,132750,0.00001562,0.00103604,0.55852365,187.240040
1,1,133000,0.00001515,0.00103394,0.55852318,187.587936
1,1,133250,0.00001472,0.00103310,0.55852275,187.938058
1,1,133500,0.00001427,0.00103398,0.55852230,188.288970
1,1,133750,0.00001382,0.00103315,0.55852185,188.642432
1,1,134000,0.00001339,0.00103112,0.55852142,188.993926
1,1,134250,0.00001296,0.00103014,0.55852099,189.345085
1,1,134500,0.00001253,0.00102821,0.55852056,189.695561
1,1,134750,0.00001211,0.00102774,0.55852013,190.046885
1,1,135000,0.00001167,0.00102672,0.55851969,190.396680
1,1,135250,0.00001124,0.00102582,0.55851927,190.747225
1,1,135500,0.00001082,0.00102644,0.55851885,191.098040
1,1,135750,0.00001040,0.00102556,0.55851843,191.451855
1,1,136000,0.00000998,0.00102348,0.55851801,191.803802
1,1,136250,0.00000956,0.00102169,0.55851758,192.153250
1,1,136500,0.00000913,0.00102129,0.55851715,192.504230
1,1,136750,0.00000872,0.00101988,0.55851674,192.859891
1,1,137000,0.00000830,0.00101916,0.55851633,193.209311
1,1,137250,0.00000789,0.00101933,0.55851592,193.559540
1,1,137500,0.00000748,0.00101757,0.55851550,193.908984
1,1,137750,0.00000708,0.00101691,0.55851511,194.258998
1,1,138000,0.00000668,0.00101547,0.55851470,194.610796
1,1,138250,0.00000626,0.00101430,0.55851429,194.958112
1,1,138500,0.00000584,0.00101520,0.55851387,195.308738
1,1,138750,0.00000544,0.00101301,0.55851346,195.663094
1,1,139000,0.00000503,0.00101172,0.55851305,196.013175
1,1,139250,0.00000461,0.00101140,0.55851263,196.363546
1,1,139500,0.00000420,0.00100960,0.55851223,196.713919
1,1,139750,0.00000380,0.00100877,0.55851183,197.064995
1,1,140000,0.00000338,0.00100883,0.55851141,197.415296
1,1,140250,0.00000298,0.00100864,0.55851100,197.766141
1,1,140500,0.00000257,0.00100648,0.55851060,198.116329
1,1,140750,0.00000216,0.00100517,0.55851019,198.466921
1,1,141000,0.00000176,0.00100631,0.55850979,198.812574
1,1,141250,0.00000137,0.00100365,0.55850940,199.157293
1,1,141500,0.00000098,0.00100384,0.55850900,199.501623
1,1,141750,0.00000058,0.00100166,0.55850861,199.856664
1,1,142000,0.00000016,0.00100259,0.55850819,200.206940
1,1,142103,0.00000000,0.00099986,0.55850803,200.351517
1,2,1,0.17424737,0.79032493,0.73275539,0.039739
1,2,250,0.01010129,0.02962228,0.56860931,14.284768
1,2,500,0.00684111,0.01880402,0.56534913,28.645994
1,2,750,0.00549568,0.01495866,0.56400371,42.964930
1,2,1000,0.00471349,0.01275293,0.56322152,57.245789
1,2,1250,0.00417656,0.01133706,0.56268459,71.574649
1,2,1500,0.00377053,0.01013366,0.56227855,85.956521
1,2,1750,0.00347311,0.00934756,0.56198113,100.396551
1,2,2000,0.00322943,0.00873966,0.56173745,114.938749
1,2,2250,0.00303572,0.00822387,0.56154374,129.356832
1,2,2500,0.00286866,0.00776123,0.56137669,143.696050
1,2,2750,0.00272274,0.00743931,0.56123076,158.388681
1,2,3000,0.00259350,0.00712081,0.56110153,172.966691
1,2,3250,0.00247376,0.00678095,0.56098179,187.475115
1,2,3500,0.00236956,0.00654858,0.56087759,201.843073
1,2,3750,0.00227830,0.00633707,0.56078632,216.113958
1,2,4000,0.00219784,0.00616908,0.56070586,230.362331
1,2,4250,0.00211998,0.00596385,0.56062800,244.638558
1,2,4500,0.00204946,0.00575222,0.56055748,258.940437
1,2,4750,0.00198605,0.00564572,0.56049408,273.268838
1,2,5000,0.00192639,0.00544152,0.56043442,287.614453
1,2,5250,0.00186971,0.00530622,0.56037774,301.891546
1,2,5500,0.00181783,0.00522773,0.56032586,316.238223
1,2,5750,0.00176903,0.00506016,0.56027705,330.592626
1,2,6000,0.00172364,0.00495777,0.56023166,344.947715
1,2,6250,0.00167992,0.00485312,0.56018794,359.324186
1,2,6500,0.00164095,0.00480423,0.56014897,373.668767
1,2,6750,0.00160329,0.00470890,0.56011132,388.027502
1,2,7000,0.00156678,0.00458448,0.56007481,402.392534
1,2,7250,0.00153241,0.00450217,0.56004044,416.793663
1,2,7500,0.00149919,0.00442533,0.56000722,431.119248
1,2,7750,0.00146719,0.00435210,0.55997522,445.508062
1,2,8000,0.00143853,0.00429393,0.55994655,459.860296
1,2,8250,0.00140987,0.00421799,0.55991790,474.190016
1,2,8500,0.00138338,0.00415920,0.55989141,488.518054
1,2,8750,0.00135821,0.00408107,0.55986624,502.832948
1,2,9000,0.00133398,0.00403295,0.55984201,517.098471
1,2,9250,0.00131074,0.00398804,0.55981877,531.427699
1,2,9500,0.00128792,0.00392142,0.55979595,545.719029
1,2,9750,0.00126611,0.00387383,0.55977414,560.008785
1,2,10000,0.00124514,0.00382464,0.55975317,574.265544
1,2,10250,0.00122491,0.00379199,0.55973294,588.552265
1,2,10500,0.00120549,0.00373560,0.55971351,602.828857
1,2,10750,0.00118677,0.00370739,0.55969480,617.089120
1,2,11000,0.00116876,0.00364534,0.55967678,631.428786
1,2,11250,0.00115111,0.00359966,0.55965914,645.762930
1,2,11500,0.00113449,0.00357326,0.55964251,660.124410
1,2,11750,0.00111748,0.00351767,0.55962551,674.493781
1,2,12000,0.00110135,0.00349079,0.55960937,688.908543
1,2,12250,0.00108578,0.00344595,0.55959381,703.224846
1,2,12500,0.00107081,0.00341667,0.55957883,717.509186
1,2,12750,0.00105574,0.00339840,0.55956377,731.791098
1,2,13000,0.00104152,0.00334697,0.55954955,746.269068
1,2,13250,0.00102755,0.00331688,0.55953558,760.692199
1,2,13500,0.00101371,0.00328349,0.55952174,775.167943
1,2,13750,0.00100064,0.00326174,0.55950867,789.610401
1,2,14000,0.00098794,0.00323299,0.55949597,804.054472
1,2,14250,0.00097569,0.00320645,0.55948371,818.472231
1,2,14500,0.00096367,0.00317209,0.55947170,832.858121
1,2,14750,0.00095210,0.00314214,0.55946013,847.254301
1,2,15000,0.00094043,0.00311595,0.55944846,861.640302
1,2,15250,0.00092923,0.00309543,0.55943725,876.064844
1,2,15500,0.00091871,0.00306412,0.55942673,890.522210
1,2,15750,0.00090800,0.00303992,0.55941602,904.888377
1,2,16000,0.00089767,0.00301531,0.55940569,919.292244
1,2,16250,0.00088739,0.00299342,0.55939542,933.650318
1,2,16500,0.00087702,0.00296365,0.55938504,947.983865
1,2,16750,0.00086678,0.00294891,0.55937480,962.289036
1,2,17000,0.00085763,0.00292579,0.55936566,976.657873
1,2,17250,0.00084819,0.00291158,0.55935621,990.983283
1,2,17500,0.00083907,0.00288148,0.55934710,1005.343986
1,2,17750,0.00083015,0.00287590,0.55933818,1019.661120
1,2,18000,0.00082138,0.00284561,0.55932941,1034.025818
1,2,18250,0.00081267,0.00282343,0.55932070,1048.375631
1,2,18500,0.00080402,0.00280875,0.55931205,1062.659974
1,2,18750,0.00079559,0.00278373,0.55930361,1077.002878
1,2,19000,0.00078741,0.00277671,0.55929544,1091.314235
1,2,19250,0.00077948,0.00275004,0.55928751,1105.645768
1,2,19500,0.00077187,0.00272598,0.55927990,1119.966233
1,2,19750,0.00076434,0.00271617,0.55927236,1134.381942
1,2,20000,0.00075692,0.00269208,0.55926495,1148.753689
1,2,20250,0.00074935,0.00268248,0.55925738,1163.068672
1,2,20500,0.00074217,0.00266126,0.55925019,1177.390598
1,2,20750,0.00073508,0.00265022,0.55924310,1191.678985
1,2,21000,0.00072799,0.00262980,0.55923601,1205.971125
1,2,21250,0.00072112,0.00261258,0.55922914,1220.271993
1,2,21500,0.00071452,0.00259821,0.55922254,1234.587242
1,2,21750,0.00070799,0.00258084,0.55921601,1248.908446
1,2,22000,0.00070153,0.00257214,0.55920955,1263.213904
1,2,22250,0.00069527,0.00256682,0.55920330,1277.512065
1,2,22500,0.00068902,0.00253960,0.55919704,1291.828732
1,2,22750,0.00068293,0.00252971,0.55919096,1306.183824
1,2,23000,0.00067696,0.00251131,0.55918499,1320.509570
1,2,23250,0.00067093,0.00249406,0.55917895,1334.860437
1,2,23500,0.00066492,0.00248394,0.55917294,1349.167603
1,2,23750,0.00065922,0.00248201,0.55916725,1363.479039
1,2,24000,0.00065357,0.00245932,0.55916159,1377.802464
1,2,24250,0.00064787,0.00245105,0.55915590,1392.128888
1,2,24500,0.00064231,0.00244268,0.55915033,1406.421561
1,2,24750,0.00063671,0.00242015,0.55914474,1420.713994
1,2,25000,0.00063129,0.00240870,0.55913932,1435.147152
1,2,25250,0.00062613,0.00240383,0.55913416,1449.437133
1,2,25500,0.00062085,0.00239459,0.55912888,1463.747997
1,2,25750,0.00061578,0.00237606,0.55912381,1478.070245
1,2,26000,0.00061074,0.00236571,0.55911876,1492.481673
1,2,26250,0.00060574,0.00235559,0.55911377,1506.845292
1,2,26500,0.00060103,0.00233768,0.55910906,1521.223140
1,2,26750,0.00059615,0.00233015,0.55910417,1535.622885
1,2,27000,0.00059154,0.00231740,0.55909956,1549.962476
1,2,27250,0.00058679,0.00230614,0.55909481,1564.263986
1,2,27500,0.00058213,0.00229497,0.55909015,1578.635261
1,2,27750,0.00057765,0.00228919,0.55908567,1593.045268
1,2,28000,0.00057327,0.00227714,0.55908130,1607.434082
1,2,28250,0.00056881,0.00226682,0.55907684,1621.853234
1,2,28500,0.00056440,0.00226001,0.55907242,1636.212379
1,2,28750,0.00056003,0.00224250,0.55906806,1650.613148
1,2,29000,0.00055583,0.00223550,0.55906385,1664.928970
1,2,29250,0.00055174,0.00223532,0.55905977,1679.212343
1,2,29500,0.00054754,0.00221702,0.55905557,1693.505859
1,2,29750,0.00054331,0.00221025,0.55905133,1707.801567
1,2,30000,0.00053905,0.00220004,0.55904707,1722.146472
1,2,30250,0.00053517,0.00218902,0.55904319,1736.541080
1,2,30500,0.00053123,0.00218796,0.55903925,1750.878610
1,2,30750,0.00052724,0.00217507,0.55903526,1765.201296
1,2,31000,0.00052329,0.00216482,0.55903132,1779.491609
1,2,31250,0.00051960,0.00215363,0.55902763,1793.836577
1,2,31500,0.00051566,0.00214648,0.55902368,1808.357668
1,2,31750,0.00051192,0.00214393,0.55901995,1822.733026
1,2,32000,0.00050823,0.00213230,0.55901626,1837.086177
1,2,32250,0.00050457,0.00212831,0.55901259,1851.398267
1,2,32500,0.00050095,0.00211705,0.55900897,1865.678586
1,2,32750,0.00049733,0.00210432,0.55900536,1879.988685
1,2,33000,0.00049381,0.00209662,0.55900184,1894.260232
1,2,33250,0.00049021,0.00209492,0.55899824,1908.525103
1,2,33500,0.00048677,0.00208328,0.55899479,1922.805896
1,2,33750,0.00048332,0.00207178,0.55899134,1937.088747
1,2,34000,0.00047979,0.00206573,0.55898782,1951.519932
1,2,34250,0.00047641,0.00206090,0.55898444,1965.862606
1,2,34500,0.00047309,0.00205291,0.55898112,1980.200279
1,2,34750,0.00046974,0.00204177,0.55897776,1994.570896
1,2,35000,0.00046654,0.00204116,0.55897457,2008.837933
1,2,35250,0.00046339,0.00203551,0.55897142,2023.181656
1,2,35500,0.00046022,0.00202375,0.55896824,2037.586558
1,2,35750,0.00045700,0.00202008,0.55896502,2051.950614
1,2,36000,0.00045373,0.00200674,0.55896176,2066.373692
1,2,36250,0.00045070,0.00199941,0.55895872,2080.744367
1,2,36500,0.00044778,0.00199897,0.55895580,2095.052921
1,2,36750,0.00044483,0.00199251,0.55895286,2109.346836
1,2,37000,0.00044185,0.00198156,0.55894987,2123.612779
1,2,37250,0.00043885,0.00197187,0.55894687,2137.922215
1,2,37500,0.00043597,0.00196554,0.55894399,2152.218695
1,2,37750,0.00043291,0.00196609,0.55894093,2166.517871
1,2,38000,0.00043003,0.00195365,0.55893805,2180.816357
1,2,38250,0.00042727,0.00194683,0.55893530,2195.065484
1,2,38500,0.00042444,0.00193839,0.55893247,2209.364101
1,2,38750,0.00042172,0.00193270,0.55892974,2223.676418
1,2,39000,0.00041894,0.00192976,0.55892696,2238.114883
1,2,39250,0.00041624,0.00192353,0.55892426,2252.714908
1,2,39500,0.00041356,0.00191487,0.55892159,2267.039571
1,2,39750,0.00041081,0.00191525,0.55891884,2281.551691
1,2,40000,0.00040813,0.00190363,0.55891616,2295.815397
1,2,40250,0.00040551,0.00189833,0.55891354,2310.089890
1,2,40500,0.00040295,0.00189051,0.55891098,2324.351332
1,2,40750,0.00040029,0.00188577,0.55890831,2338.654970
1,2,41000,0.00039782,0.00188312,0.55890585,2352.970753
1,2,41250,0.00039520,0.00188000,0.55890323,2367.275862
1,2,41500,0.00039265,0.00186980,0.55890068,2381.572534
1,2,41750,0.00039015,0.00186415,0.55889817,2395.864944
1,2,42000,0.00038766,0.00185724,0.55889569,2410.175218
1,2,42250,0.00038523,0.00185286,0.55889325,2424.558835
1,2,42500,0.00038278,0.00184787,0.55889080,2438.912605
1,2,42750,0.00038032,0.00184246,0.55888834,2453.290712
1,2,43000,0.00037787,0.00183525,0.55888589,2467.652403
1,2,43250,0.00037548,0.00182884,0.55888350,2481.987808
1,2,43500,0.00037315,0.00182486,0.55888118,2496.424738
1,2,43750,0.00037082,0.00181913,0.55887885,2510.767595
1,2,44000,0.00036852,0.00181918,0.55887655,2525.037609
1,2,44250,0.00036625,0.00180813,0.55887428,2539.301720
1,2,44500,0.00036407,0.00180439,0.55887210,2553.657782
1,2,44750,0.00036180,0.00179916,0.55886983,2567.983388
1,2,45000,0.00035967,0.00179556,0.55886769,2582.360537
1,2,45250,0.00035742,0.00179408,0.55886544,2596.783746
1,2,45500,0.00035520,0.00178601,0.55886322,2611.144601
1,2,45750,0.00035302,0.00177888,0.55886105,2625.522315
1,2,46000,0.00035087,0.00177357,0.55885889,2639.878249
1,2,46250,0.00034867,0.00176837,0.55885669,2654.270099
1,2,46500,0.00034650,0.00176354,0.55885453,2668.655756
1,2,46750,0.00034442,0.00175989,0.55885244,2683.038154
1,2,47000,0.00034226,0.00175562,0.55885029,2697.408005
1,2,47250,0.00034026,0.00175016,0.55884829,2711.775295
1,2,47500,0.00033820,0.00174525,0.55884622,2726.135244
1,2,47750,0.00033617,0.00174334,0.55884420,2740.511477
1,2,48000,0.00033414,0.00173774,0.55884217,2754.881983
1,2,48250,0.00033217,0.00173274,0.55884019,2769.255222
1,2,48500,0.00033022,0.00172772,0.55883825,2783.632464
1,2,48750,0.00032820,0.00172447,0.55883622,2797.961504
1,2,49000,0.00032619,0.00171850,0.55883422,2812.388909
1,2,49250,0.00032427,0.00171988,0.55883230,2826.760782
1,2,49500,0.00032233,0.00171028,0.55883036,2841.092724
1,2,49750,0.00032038,0.00171076,0.55882840,2855.448042
1,2,50000,0.00031847,0.00170295,0.55882649,2870.079515
1,2,50250,0.00031650,0.00169693,0.55882453,2884.444395
1,2,50500,0.00031461,0.00169349,0.55882264,2898.772066
1,2,50750,0.00031276,0.00168812,0.55882079,2913.076499
1,2,51000,0.00031094,0.00168443,0.55881897,2927.376514
1,2,51250,0.00030915,0.00168193,0.55881718,2941.678625
1,2,51500,0.00030727,0.00167555,0.55881530,2956.011001
1,2,51750,0.00030543,0.00167231,0.55881346,2970.387945
1,2,52000,0.00030364,0.00167046,0.55881167,2984.760557
1,2,52250,0.00030185,0.00166533,0.55880988,2999.166235
1,2,52500,0.00030014,0.00166318,0.55880816,3013.558064
1,2,52750,0.00029837,0.00165954,0.55880640,3027.918856
1,2,53000,0.00029660,0.00165471,0.55880462,3042.279304
1,2,53250,0.00029484,0.00164873,0.55880287,3056.671132
1,2,53500,0.00029315,0.00164564,0.55880117,3071.049759
1,2,53750,0.00029144,0.00164320,0.55879947,3085.432544
1,2,54000,0.00028973,0.00164185,0.55879775,3099.826608
1,2,54250,0.00028801,0.00163757,0.55879603,3114.173689
1,2,54500,0.00028632,0.00163062,0.55879435,3128.608827
1,2,54750,0.00028465,0.00162546,0.55879267,3142.944873
1,2,55000,0.00028298,0.00162129,0.55879101,3157.230903
1,2,55250,0.00028129,0.00161672,0.55878932,3171.447700
1,2,55500,0.00027965,0.00161862,0.55878768,3185.723481
1,2,55750,0.00027806,0.00160996,0.55878609,3200.002303
1,2,56000,0.00027641,0.00160841,0.55878444,3214.345653
1,2,56250,0.00027482,0.00160740,0.55878284,3228.621699
1,2,56500,0.00027329,0.00160239,0.55878131,3242.895479
1,2,56750,0.00027173,0.00159611,0.55877976,3257.165273
1,2,57000,0.00027018,0.00159317,0.55877821,3271.450563
1,2,57250,0.00026859,0.00159017,0.55877662,3285.718095
1,2,57500,0.00026705,0.00158768,0.55877508,3300.013960
1,2,57750,0.00026552,0.00158265,0.55877354,3314.255866
1,2,58000,0.00026402,0.00157858,0.55877204,3328.510232
1,2,58250,0.00026253,0.00157650,0.55877056,3342.824629
1,2,58500,0.00026095,0.00157165,0.55876898,3357.154644
1,2,58750,0.00025947,0.00157315,0.55876749,3371.409502
1,2,59000,0.00025802,0.00156568,0.55876605,3385.731872
1,2,59250,0.00025653,0.00156442,0.55876456,3400.054943
1,2,59500,0.00025512,0.00156325,0.55876314,3414.387136
1,2,59750,0.00025368,0.00155906,0.55876170,3428.720648
1,2,60000,0.00025223,0.00155480,0.55876026,3443.046212
1,2,60250,0.00025078,0.00154941,0.55875881,3457.379209
1,2,60500,0.00024937,0.00154629,0.55875740,3471.716471
1,2,60750,0.00024795,0.00154157,0.55875598,3486.045760
1,2,61000,0.00024656,0.00153888,0.55875458,3500.380196
1,2,61250,0.00024518,0.00153787,0.55875320,3514.724205
1,2,61500,0.00024377,0.00153405,0.55875180,3529.026829
1,2,61750,0.00024231,0.00153342,0.55875034,3543.350608
1,2,62000,0.00024090,0.00152626,0.55874892,3557.687153
1,2,62250,0.00023955,0.00152438,0.55874757,3572.051020
1,2,62500,0.00023824,0.00152208,0.55874627,3586.396072
1,2,62750,0.00023692,0.00151809,0.55874494,3601.125450
1,2,63000,0.00023561,0.00151497,0.55874363,3615.487937
1,2,63250,0.00023423,0.00151130,0.55874225,3629.812162
1,2,63500,0.00023287,0.00150881,0.55874090,3644.156157
1,2,63750,0.00023153,0.00150710,0.55873956,3658.499812
1,2,64000,0.00023018,0.00150199,0.55873820,3672.849066
1,2,64250,0.00022885,0.00150145,0.55873687,3687.111481
1,2,64500,0.00022753,0.00149820,0.55873556,3701.365066
1,2,64750,0.00022625,0.00149485,0.55873427,3715.576682
1,2,65000,0.00022496,0.00149048,0.55873298,3729.873807
1,2,65250,0.00022361,0.00148817,0.55873163,3744.355859
1,2,65500,0.00022231,0.00148588,0.55873033,3758.762065
1,2,65750,0.00022109,0.00148481,0.55872911,3773.095488
1,2,66000,0.00021977,0.00148116,0.55872780,3787.378330
1,2,66250,0.00021856,0.00147876,0.55872659,3801.691962
1,2,66500,0.00021735,0.00147639,0.55872537,3815.980857
1,2,66750,0.00021604,0.00147106,0.55872407,3830.355128
1,2,67000,0.00021482,0.00147091,0.55872284,3844.736996
1,2,67250,0.00021358,0.00146625,0.55872161,3859.123527
1,2,67500,0.00021232,0.00146265,0.55872034,3873.494036
1,2,67750,0.00021107,0.00146400,0.55871910,3887.834375
1,2,68000,0.00020982,0.00145791,0.55871785,3902.176169
1,2,68250,0.00020855,0.00145510,0.55871657,3916.525021
1,2,68500,0.00020734,0.00145569,0.55871537,3930.862781
1,2,68750,0.00020616,0.00144913,0.55871419,3945.229680
1,2,69000,0.00020501,0.00145061,0.55871303,3959.591994
1,2,69250,0.00020381,0.00144399,0.55871184,3973.935354
1,2,69500,0.00020265,0.00144162,0.55871068,3988.258565
1,2,69750,0.00020151,0.00144129,0.55870953,4002.554357
1,2,70000,0.00020037,0.00143671,0.55870840,4016.864807
1,2,70250,0.00019920,0.00143318,0.55870722,4031.176590
1,2,70500,0.00019806,0.00143188,0.55870608,4045.505598
1,2,70750,0.00019691,0.00143104,0.55870494,4059.837245
1,2,71000,0.00019579,0.00142699,0.55870382,4074.130607
1,2,71250,0.00019465,0.00142331,0.55870268,4088.462341
1,2,71500,0.00019352,0.00142064,0.55870154,4102.787184
1,2,71750,0.00019241,0.00141959,0.55870043,4117.124818
1,2,72000,0.00019130,0.00141652,0.55869933,4131.469981
1,2,72250,0.00019023,0.00141826,0.55869825,4145.786281
1,2,72500,0.00018908,0.00141157,0.55869711,4160.127754
1,2,72750,0.00018801,0.00140924,0.55869604,4174.414196
1,2,73000,0.00018690,0.00140900,0.55869493,4188.732530
1,2,73250,0.00018582,0.00140827,0.55869385,4203.044964
1,2,73500,0.00018479,0.00140282,0.55869281,4217.366422
1,2,73750,0.00018372,0.00139976,0.55869174,4231.715013
1,2,74000,0.00018266,0.00139906,0.55869069,4246.007732
1,2,74250,0.00018162,0.00139511,0.55868965,4260.364895
1,2,74500,0.00018057,0.00139275,0.55868860,4274.699373
1,2,74750,0.00017953,0.00139009,0.55868755,4288.993105
1,2,75000,0.00017847,0.00138969,0.55868650,4303.298153
1,2,75250,0.00017742,0.00138501,0.55868545,4317.576604
1,2,75500,0.00017637,0.00138354,0.55868440,4331.856518
1,2,75750,0.00017535,0.00138154,0.55868337,4346.113229
1,2,76000,0.00017432,0.00137978,0.55868235,4360.393153
1,2,76250,0.00017328,0.00137992,0.55868131,4374.670191
1,2,76500,0.00017227,0.00137561,0.55868030,4388.920345
1,2,76750,0.00017129,0.00137454,0.55867931,4403.205447
1,2,77000,0.00017024,0.00137064,0.55867827,4417.453986
1,2,77250,0.00016921,0.00136746,0.55867723,4431.754236
1,2,77500,0.00016824,0.00136587,0.55867627,4446.039065
1,2,77750,0.00016727,0.00136321,0.55867530,4460.267235
1,2,78000,0.00016626,0.00136029,0.55867429,4474.535134
1,2,78250,0.00016529,0.00135861,0.55867332,4488.853743
1,2,78500,0.00016432,0.00135680,0.55867234,4503.068203
1,2,78750,0.00016336,0.00135436,0.55867139,4517.812616
1,2,79000,0.00016241,0.00135172,0.55867044,4532.126581
1,2,79250,0.00016144,0.00135139,0.55866947,4546.415560
1,2,79500,0.00016047,0.00134797,0.55866850,4560.654083
1,2,79750,0.00015950,0.00134648,0.55866753,4574.929228
1,2,80000,0.00015850,0.00134701,0.55866652,4589.208115
1,2,80250,0.00015751,0.00134339,0.55866553,4603.475123
1,2,80500,0.00015653,0.00134008,0.55866455,4617.751766
1,2,80750,0.00015562,0.00133668,0.55866365,4632.006036
1,2,81000,0.00015470,0.00133624,0.55866273,4646.294040
1,2,81250,0.00015382,0.00133362,0.55866184,4660.593085
1,2,81500,0.00015287,0.00133252,0.55866089,4674.880681
1,2,81750,0.00015195,0.00132938,0.55865997,4689.174200
1,2,82000,0.00015106,0.00132852,0.55865908,4703.444731
1,2,82250,0.00015016,0.00132612,0.55865818,4717.726919
1,2,82500,0.00014926,0.00132329,0.55865729,4731.998311
1,2,82750,0.00014836,0.00132079,0.55865638,4746.287502
1,2,83000,0.00014744,0.00132057,0.55865546,4760.594524
1,2,83250,0.00014653,0.00131964,0.55865455,4774.891212
1,2,83500,0.00014564,0.00131511,0.55865367,4789.161017
1,2,83750,0.00014475,0.00131301,0.55865278,4803.427024
1,2,84000,0.00014385,0.00131181,0.55865188,4817.693320
1,2,84250,0.00014295,0.00131228,0.55865098,4831.978495
1,2,84500,0.00014207,0.00130790,0.55865010,4846.266670
1,2,84750,0.00014118,0.00130710,0.55864921,4860.540939
1,2,85000,0.00014030,0.00130354,0.55864833,4874.829140
1,2,85250,0.00013947,0.00130516,0.55864750,4889.086252
1,2,85500,0.00013859,0.00130018,0.55864662,4903.379305
1,2,85750,0.00013774,0.00129877,0.55864576,4917.643904
1,2,86000,0.00013688,0.00129602,0.55864490,4931.897361
1,2,86250,0.00013602,0.00129723,0.55864404,4946.168962
1,2,86500,0.00013518,0.00129474,0.55864320,4960.445405
1,2,86750,0.00013429,0.00129093,0.55864232,4974.726052
1,2,87000,0.00013344,0.00128909,0.55864147,4989.025454
1,2,87250,0.00013260,0.00128755,0.55864063,5003.296100
1,2,87500,0.00013171,0.00128643,0.55863974,5017.587740
1,2,87750,0.00013092,0.00128447,0.55863894,5031.901445
1,2,88000,0.00013008,0.00128146,0.55863811,5046.190685
1,2,88250,0.00012926,0.00128003,0.55863729,5060.483740
1,2,88500,0.00012843,0.00127900,0.55863645,5074.740499
1,2,88750,0.00012761,0.00127700,0.55863563,5089.040391
1,2,89000,0.00012684,0.00127474,0.55863486,5103.342775
1,2,89250,0.00012603,0.00127505,0.55863405,5117.652838
1,2,89500,0.00012527,0.00127138,0.55863329,5131.931970
1,2,89750,0.00012450,0.00126940,0.55863253,5146.212394
1,2,90000,0.00012371,0.00126766,0.55863174,5160.487401
1,2,90250,0.00012293,0.00126796,0.55863095,5174.831048
1,2,90500,0.00012211,0.00126291,0.55863014,5189.192988
1,2,90750,0.00012133,0.00126136,0.55862936,5203.528512
1,2,91000,0.00012053,0.00126033,0.55862856,5217.858818
1,2,91250,0.00011975,0.00125863,0.55862778,5232.212645
1,2,91500,0.00011896,0.00125621,0.55862698,5246.546065
1,2,91750,0.00011821,0.00125600,0.55862623,5260.887315
1,2,92000,0.00011745,0.00125519,0.55862548,5275.212816
1,2,92250,0.00011665,0.00125126,0.55862468,5289.528044
1,2,92500,0.00011589,0.00124937,0.55862391,5303.988707
1,2,92750,0.00011513,0.00124790,0.55862316,5318.412428
1,2,93000,0.00011435,0.00124566,0.55862238,5332.880760
1,2,93250,0.00011360,0.00124554,0.55862162,5347.328921
1,2,93500,0.00011285,0.00124434,0.55862088,5361.760814
1,2,93750,0.00011212,0.00124107,0.55862014,5376.107606
1,2,94000,0.00011140,0.00123913,0.55861943,5390.555181
1,2,94250,0.00011067,0.00123834,0.55861870,5405.005464
1,2,94500,0.00010989,0.00123648,0.55861792,5419.473875
1,2,94750,0.00010913,0.00123461,0.55861716,5433.807122
1,2,95000,0.00010838,0.00123268,0.55861640,5448.142791
1,2,95250,0.00010764,0.00123124,0.55861566,5462.496107
1,2,95500,0.00010692,0.00123004,0.55861494,5476.806235
1,2,95750,0.00010617,0.00122910,0.55861419,5491.147744
1,2,96000,0.00010544,0.00122709,0.55861347,5505.509953
1,2,96250,0.00010474,0.00122469,0.55861277,5519.901528
1,2,96500,0.00010405,0.00122336,0.55861208,5534.293885
1,2,96750,0.00010334,0.00122235,0.55861137,5548.694511
1,2,97000,0.00010262,0.00122021,0.55861065,5563.066815
1,2,97250,0.00010193,0.00121862,0.55860995,5577.453998
1,2,97500,0.00010118,0.00121703,0.55860921,5591.841285
1,2,97750,0.00010047,0.00121505,0.55860849,5606.227215
1,2,98000,0.00009976,0.00121332,0.55860779,5620.664585
1,2,98250,0.00009907,0.00121133,0.55860710,5634.920544
1,2,98500,0.00009837,0.00121065,0.55860640,5649.810425
1,2,98750,0.00009768,0.00120925,0.55860570,5664.208128
1,2,99000,0.00009697,0.00120869,0.55860500,5678.603618
1,2,99250,0.00009629,0.00120642,0.55860432,5692.987064
1,2,99500,0.00009558,0.00120699,0.55860361,5707.405643
1,2,99750,0.00009490,0.00120403,0.55860292,5721.786023
1,2,100000,0.00009418,0.00120239,0.55860221,5736.179230
1,2,100250,0.00009350,0.00120135,0.55860153,5750.589541
1,2,100500,0.00009279,0.00119898,0.55860082,5765.020078
1,2,100750,0.00009214,0.00119776,0.55860017,5779.369216
1,2,101000,0.00009146,0.00119846,0.55859948,5793.655396
1,2,101250,0.00009080,0.00119695,0.55859883,5808.020682
1,2,101500,0.00009015,0.00119263,0.55859817,5822.390444
1,2,101750,0.00008947,0.00119102,0.55859750,5836.774839
1,2,102000,0.00008881,0.00119247,0.55859683,5851.157681
1,2,102250,0.00008813,0.00118895,0.55859615,5865.499600
1,2,102500,0.00008746,0.00118909,0.55859549,5879.906481
1,2,102750,0.00008681,0.00118487,0.55859483,5894.373510
1,2,103000,0.00008614,0.00118579,0.55859417,5908.827016
1,2,103250,0.00008548,0.00118293,0.55859351,5923.293979
1,2,103500,0.00008483,0.00118088,0.55859286,5937.753671
1,2,103750,0.00008419,0.00118010,0.55859221,5952.219922
1,2,104000,0.00008356,0.00117956,0.55859159,5966.669593
1,2,104250,0.00008290,0.00117657,0.55859093,5981.144528
1,2,104500,0.00008225,0.00117555,0.55859028,5995.582108
1,2,104750,0.00008163,0.00117373,0.55858965,6010.056188
1,2,105000,0.00008101,0.00117322,0.55858904,6024.508941
1,2,105250,0.00008038,0.00117138,0.55858840,6038.877218
1,2,105500,0.00007974,0.00117197,0.55858777,6053.176797
1,2,105750,0.00007911,0.00117057,0.55858713,6067.513225
1,2,106000,0.00007849,0.00116795,0.55858651,6081.803745
1,2,106250,0.00007786,0.00116558,0.55858589,6096.105977
1,2,106500,0.00007725,0.00116673,0.55858527,6110.440256
1,2,106750,0.00007664,0.00116298,0.55858466,6124.833273
1,2,107000,0.00007601,0.00116111,0.55858403,6139.191597
1,2,107250,0.00007541,0.00116110,0.55858343,6153.546452
1,2,107500,0.00007480,0.00115932,0.55858282,6167.955968
1,2,107750,0.00007419,0.00115837,0.55858222,6182.342133
1,2,108000,0.00007359,0.00115657,0.55858161,6196.720416
1,2,108250,0.00007298,0.00115482,0.55858101,6211.132580
1,2,108500,0.00007238,0.00115346,0.55858040,6225.547585
1,2,108750,0.00007179,0.00115220,0.55857982,6239.941389
1,2,109000,0.00007117,0.00115065,0.55857920,6254.320758
1,2,109250,0.00007057,0.00115109,0.55857860,6268.620847
1,2,109500,0.00006998,0.00114834,0.55857801,6282.921407
1,2,109750,0.00006937,0.00114826,0.55857739,6297.193228
1,2,110000,0.00006879,0.00114603,0.55857681,6311.485737
1,2,110250,0.00006822,0.00114494,0.55857624,6325.800071
1,2,110500,0.00006764,0.00114497,0.55857566,6340.120916
1,2,110750,0.00006707,0.00114172,0.55857509,6354.417310
1,2,111000,0.00006649,0.00114107,0.55857452,6368.704652
1,2,111250,0.00006592,0.00113856,0.55857394,6383.004240
1,2,111500,0.00006535,0.00113845,0.55857337,6397.283679
1,2,111750,0.00006477,0.00113687,0.55857280,6411.573664
1,2,112000,0.00006422,0.00113508,0.55857224,6425.842384
1,2,112250,0.00006365,0.00113528,0.55857167,6440.120364
1,2,112500,0.00006307,0.00113486,0.55857110,6454.412878
1,2,112750,0.00006252,0.00113185,0.55857055,6468.689722
1,2,113000,0.00006197,0.00113018,0.55856999,6482.965350
1,2,113250,0.00006141,0.00112940,0.55856944,6497.274827
1,2,113500,0.00006084,0.00113001,0.55856886,6511.525877
1,2,113750,0.00006026,0.00112592,0.55856829,6525.795325
1,2,114000,0.00005971,0.00112535,0.55856774,6540.075343
1,2,114250,0.00005916,0.00112381,0.55856719,6554.340253
1,2,114500,0.00005859,0.00112370,0.55856662,6568.610942
1,2,114750,0.00005808,0.00112190,0.55856610,6582.883354
1,2,115000,0.00005753,0.00111995,0.55856555,6597.164892
1,2,115250,0.00005696,0.00111948,0.55856498,6611.447237
1,2,115500,0.00005642,0.00111783,0.55856445,6625.730928
1,2,115750,0.00005586,0.00111733,0.55856389,6640.018727
1,2,116000,0.00005532,0.00111553,0.55856334,6654.392032
1,2,116250,0.00005478,0.00111418,0.55856280,6668.752753
1,2,116500,0.00005422,0.00111262,0.55856225,6683.069691
1,2,116750,0.00005370,0.00111298,0.55856172,6697.408273
1,2,117000,0.00005319,0.00111321,0.55856122,6711.792760
1,2,117250,0.00005266,0.00111095,0.55856068,6726.218494
1,2,117500,0.00005213,0.00110946,0.55856015,6740.530812
1,2,117750,0.00005159,0.00110820,0.55855961,6754.831411
1,2,118000,0.00005104,0.00110758,0.55855906,6769.108992
1,2,118250,0.00005052,0.00110466,0.55855854,6783.392727
1,2,118500,0.00004999,0.00110574,0.55855802,6797.682791
1,2,118750,0.00004946,0.00110274,0.55855749,6811.958091
1,2,119000,0.00004893,0.00110104,0.55855695,6826.366098
1,2,119250,0.00004839,0.00110024,0.55855642,6840.793680
1,2,119500,0.00004787,0.00110019,0.55855590,6855.154493
1,2,119750,0.00004737,0.00109761,0.55855539,6869.542875
1,2,120000,0.00004685,0.00109778,0.55855488,6883.862243
1,2,120250,0.00004634,0.00109565,0.55855436,6898.144818
1,2,120500,0.00004583,0.00109494,0.55855385,6912.484080
1,2,120750,0.00004530,0.00109490,0.55855333,6926.842096
1,2,121000,0.00004478,0.00109428,0.55855281,6941.175466
1,2,121250,0.00004429,0.00109104,0.55855231,6955.520398
1,2,121500,0.00004377,0.00109077,0.55855180,6969.866046
1,2,121750,0.00004325,0.00109000,0.55855128,6984.201296
1,2,122000,0.00004274,0.00108879,0.55855077,6998.569841
1,2,122250,0.00004223,0.00108849,0.55855026,7012.913099
1,2,122500,0.00004173,0.00108738,0.55854976,7027.266165
1,2,122750,0.00004122,0.00108422,0.55854924,7041.589679
1,2,123000,0.00004072,0.00108297,0.55854874,7055.879326
1,2,123250,0.00004021,0.00108189,0.55854823,7070.218173
1,2,123500,0.00003971,0.00108126,0.55854773,7085.205053
1,2,123750,0.00003921,0.00107976,0.55854723,7099.564498
1,2,124000,0.00003872,0.00107881,0.55854675,7113.888085
1,2,124250,0.00003822,0.00108006,0.55854625,7128.249055
1,2,124500,0.00003772,0.00107709,0.55854575,7142.519066
1,2,124750,0.00003724,0.00107641,0.55854527,7156.847678
1,2,125000,0.00003677,0.00107516,0.55854479,7171.208807
1,2,125250,0.00003628,0.00107329,0.55854430,7185.566021
1,2,125500,0.00003581,0.00107382,0.55854383,7199.890426
1,2,125750,0.00003528,0.00107133,0.55854331,7214.249128
1,2,126000,0.00003482,0.00107219,0.55854284,7228.591126
1,2,126250,0.00003433,0.00106921,0.55854235,7242.940961
1,2,126500,0.00003387,0.00106839,0.55854189,7257.288214
1,2,126750,0.00003339,0.00106712,0.55854141,7271.648016
1,2,127000,0.00003291,0.00106607,0.55854093,7285.971826
1,2,127250,0.00003244,0.00106520,0.55854047,7300.325838
1,2,127500,0.00003197,0.00106381,0.55853999,7314.656691
1,2,127750,0.00003150,0.00106428,0.55853953,7329.026799
1,2,128000,0.00003102,0.00106400,0.55853905,7343.336505
1,2,128250,0.00003056,0.00106260,0.55853859,7357.638228
1,2,128500,0.00003009,0.00106084,0.55853812,7371.988453
1,2,128750,0.00002963,0.00105859,0.55853766,7386.323148
1,2,129000,0.00002916,0.00105865,0.55853719,7400.628448
1,2,129250,0.00002870,0.00105874,0.55853673,7414.942120
1,2,129500,0.00002825,0.00105575,0.55853628,7429.248429
1,2,129750,0.00002780,0.00105496,0.55853582,7443.512979
1,2,130000,0.00002733,0.00105483,0.55853536,7457.832526
1,2,130250,0.00002688,0.00105269,0.55853490,7472.211325
1,2,130500,0.00002641,0.00105177,0.55853443,7486.567484
1,2,130750,0.00002594,0.00105038,0.55853396,7500.931701
1,2,131000,0.00002549,0.00105005,0.55853352,7515.283317
1,2,131250,0.00002505,0.00104866,0.55853308,7529.688405
1,2,131500,0.00002461,0.00104858,0.55853264,7544.031342
1,2,131750,0.00002415,0.00104714,0.55853217,7558.379490
1,2,132000,0.00002371,0.00104575,0.55853173,7572.787464
1,2,132250,0.00002327,0.00104591,0.55853129,7587.170585
1,2,132500,0.00002283,0.00104398,0.55853085,7601.490700
1,2,132750,0.00002240,0.00104240,0.55853042,7615.778315
1,2,133000,0.00002193,0.00104173,0.55852995,7630.073076
1,2,133250,0.00002149,0.00104076,0.55852952,7644.339814
1,2,133500,0.00002105,0.00103987,0.55852907,7658.604574
1,2,133750,0.00002060,0.00104075,0.55852862,7672.875603
1,2,134000,0.00002015,0.00103866,0.55852817,7687.237080
1,2,134250,0.00001971,0.00103707,0.55852774,7701.537082
1,2,134500,0.00001929,0.00103633,0.55852731,7715.868132
1,2,134750,0.00001886,0.00103571,0.55852689,7730.203059
1,2,135000,0.00001843,0.00103388,0.55852646,7744.530425
1,2,135250,0.00001799,0.00103309,0.55852602,7758.823614
1,2,135500,0.00001755,0.00103225,0.55852558,7773.048038
1,2,135750,0.00001713,0.00103120,0.55852515,7787.420917
1,2,136000,0.00001669,0.00103184,0.55852472,7801.787995
1,2,136250,0.00001627,0.00103036,0.55852429,7816.144482
1,2,136500,0.00001584,0.00102935,0.55852387,7830.499613
1,2,136750,0.00001541,0.00102728,0.55852344,7844.851981
1,2,137000,0.00001499,0.00102683,0.55852302,7859.191776
1,2,137250,0.00001458,0.00102570,0.55852261,7873.541333
1,2,137500,0.00001415,0.00102454,0.55852218,7887.887165
1,2,137750,0.00001373,0.00102371,0.55852176,7902.181999
1,2,138000,0.00001331,0.00102341,0.55852133,7916.403368
1,2,138250,0.00001289,0.00102375,0.55852091,7930.661375
1,2,138500,0.00001246,0.00102052,0.55852049,7944.917714
1,2,138750,0.00001204,0.00101965,0.55852006,7959.220214
1,2,139000,0.00001162,0.00101957,0.55851964,7973.589154
1,2,139250,0.00001118,0.00101974,0.55851921,7987.925420
1,2,139500,0.00001076,0.00101706,0.55851879,8002.217642
1,2,139750,0.00001034,0.00101750,0.55851836,8016.531610
1,2,140000,0.00000994,0.00101710,0.55851796,8030.826250
1,2,140250,0.00000952,0.00101451,0.55851755,8045.125618
1,2,140500,0.00000912,0.00101328,0.55851714,8059.458698
1,2,140750,0.00000872,0.00101274,0.55851675,8073.778668
1,2,141000,0.00000831,0.00101132,0.55851633,8088.138410
1,2,141250,0.00000791,0.00101027,0.55851594,8102.520126
1,2,141500,0.00000748,0.00101052,0.55851550,8116.894016
1,2,141750,0.00000707,0.00100893,0.55851510,8131.242969
1,2,142000,0.00000667,0.00100795,0.55851469,8145.598078
1,2,142250,0.00000627,0.00100868,0.55851430,8159.936157
1,2,142500,0.00000587,0.00100715,0.55851390,8174.277645
1,2,142750,0.00000547,0.00100528,0.55851349,8188.658035
1,2,143000,0.00000507,0.00100498,0.55851310,8203.043166
1,2,143250,0.00000469,0.00100397,0.55851271,8217.329684
1,2,143500,0.00000429,0.00100257,0.55851232,8231.624912
1,2,143750,0.00000390,0.00100179,0.55851193,8245.939214
1,2,144000,0.00000352,0.00100198,0.55851155,8260.271519
1,2,144250,0.00000313,0.00100026,0.55851115,8274.660318
1,2,144256,0.00000312,0.00099990,0.55851114,8275.007029
