source,network_id,n_controls,total_Q,binary_work,nary_work,work_speedup,runtime_exact_s,iters_exact,est_nary_runtime_s
b100r10,0,13,46,182,75,2.4267,0.008702,5,0.0036
b100r10,1,14,45,193,115,1.6783,50.762346,24980,30.2470
b100r10,2,13,31,116,96,1.2083,48.196333,34093,39.8866
b100r10,3,12,43,162,100,1.6200,586.530973,247561,362.0562
b100r10,4,14,47,195,118,1.6525,563.716942,198771,341.1210
b100r10,5,15,39,171,86,1.9884,0.138856,83,0.0698
b100r10,6,14,46,202,134,1.5075,26.284119,13831,17.4360
b100r10,7,12,31,130,94,1.3830,0.691224,601,0.4998
b100r10,8,14,49,218,159,1.3711,45.980557,20575,33.5363
b100r10,9,10,23,87,59,1.4746,0.333013,378,0.2258
b100r10,10,12,38,204,80,2.5500,550.522963,242500,215.8914
b100r10,11,11,36,129,93,1.3871,33.631323,20591,24.2458
b100r10,12,14,45,199,100,1.9900,0.177226,100,0.0891
b100r10,13,12,35,160,96,1.6667,153.192690,77482,91.9156
b100r10,14,14,34,150,76,1.9737,0.109315,83,0.0554
b100r10,15,14,45,238,97,2.4536,0.300002,169,0.1223
b100r10,16,10,27,96,71,1.3521,18.269413,13935,13.5118
b100r10,17,12,37,149,120,1.2417,26.410988,14221,21.2706
b100r10,18,10,20,84,37,2.2703,306.745896,240500,135.1143
b100r10,19,10,32,116,77,1.5065,0.952219,701,0.6321
b100r10,20,10,24,96,70,1.3714,238.802558,171474,174.1269
b100r10,21,11,25,93,57,1.6316,77.800079,58534,47.6839
b100r10,22,13,42,181,138,1.3116,1.830737,1128,1.3958
b100r10,23,14,37,159,83,1.9157,0.025145,16,0.0131
b100r10,24,11,36,132,66,2.0000,0.078940,52,0.0395
b100r10,25,31,129,961,402,2.3905,263.110333,37987,110.0628
b100r10,26,41,111,893,340,2.6265,2721.900847,327500,1036.3340
b100r10,27,43,150,1040,625,1.6640,4.111012,650,2.4706
b100r10,28,44,144,1145,614,1.8648,2300.575879,214000,1233.6713
b100r10,29,38,148,1142,495,2.3071,0.830711,155,0.3601
b100r10,30,44,100,702,416,1.6875,43.808084,10777,25.9603
b100r10,31,35,150,1263,702,1.7991,702.262643,94833,390.3313
b100r10,32,43,102,772,432,1.7870,1634.777892,346000,914.7980
b100r10,33,37,122,861,500,1.7220,1656.368622,254040,961.8865
b100r10,34,32,117,753,539,1.3970,1651.225855,287120,1181.9532
b100r10,35,42,133,1059,460,2.3022,6.629654,1160,2.8797
b100r10,36,31,113,640,506,1.2648,88.688189,21372,70.1191
b100r10,37,41,116,939,695,1.3511,101.155765,21260,74.8703
b100r10,38,42,126,928,518,1.7915,5.749170,1220,3.2091
b100r10,39,13,42,196,145,1.3517,0.090652,62,0.0671
b100r10,40,14,45,227,97,2.3402,114.467012,56562,48.9132
b100r10,41,12,30,133,106,1.2547,5.928136,5530,4.7247
b100r10,42,14,36,162,141,1.1489,10.066003,7695,8.7612
b100r10,43,15,45,227,174,1.3046,68.428116,39171,52.4515
b100r1,0,13,46,182,75,2.4267,0.977147,873,0.4027
b100r1,1,14,45,193,115,1.6783,181.875783,132500,108.3716
b100r1,2,13,31,116,96,1.2083,129.530893,120000,107.1980
b100r1,3,12,43,162,100,1.6200,214.754414,82500,132.5645
b100r1,4,14,47,195,118,1.6525,267.462239,100500,161.8489
b100r1,5,15,39,171,86,1.9884,0.785885,631,0.3952
b100r1,6,14,46,202,134,1.5075,90.617606,64410,60.1127
b100r1,7,12,31,130,94,1.3830,1.618899,1892,1.1706
b100r1,8,14,49,218,159,1.3711,103.991549,59925,75.8470
b100r1,9,10,23,87,59,1.4746,1.339053,2230,0.9081
b100r1,10,12,38,204,80,2.5500,125.769938,60000,49.3215
b100r1,11,11,36,129,93,1.3871,156.577226,111000,112.8813
b100r1,12,14,45,199,100,1.9900,1.514188,1105,0.7609
b100r1,13,12,35,160,96,1.6667,85.460489,49500,51.2763
b100r1,14,14,34,150,76,1.9737,0.779910,797,0.3952
b100r1,15,14,45,238,97,2.4536,5.095708,3825,2.0768
b100r1,16,10,27,96,71,1.3521,94.203458,102371,69.6713
b100r1,17,12,37,149,120,1.2417,110.882443,74213,89.3013
b100r1,18,10,20,84,37,2.2703,60.424456,56500,26.6155
b100r1,19,10,32,116,77,1.5065,0.588392,715,0.3906
b100r1,20,10,24,96,70,1.3714,95.687458,84500,69.7721
b100r1,21,11,25,93,57,1.6316,87.434932,79000,53.5892
b100r1,22,13,42,181,138,1.3116,6.212347,5334,4.7365
b100r1,23,14,37,159,83,1.9157,0.666550,666,0.3479
b100r1,24,11,36,132,66,2.0000,1.638520,1636,0.8193
b100r1,25,31,129,961,402,2.3905,345.566122,60500,144.5552
b100r1,26,41,111,893,340,2.6265,648.129863,99000,246.7684
b100r1,27,43,150,1040,625,1.6640,51.221025,9155,30.7819
b100r1,28,44,144,1145,614,1.8648,860.154238,63500,461.2530
b100r1,29,38,148,1142,495,2.3071,4.613193,892,1.9996
b100r1,30,44,100,702,416,1.6875,241.035525,56717,142.8359
b100r1,31,35,150,1263,702,1.7991,1128.180471,128500,627.0647
b100r1,32,43,102,772,432,1.7870,577.640750,104500,323.2394
b100r1,33,37,122,861,500,1.7220,904.529371,138500,525.2784
b100r1,34,32,117,753,539,1.3970,654.134980,110000,468.2321
b100r1,35,42,133,1059,460,2.3022,3.418025,551,1.4847
b100r1,36,31,113,640,506,1.2648,529.313155,129000,418.4882
b100r1,37,41,116,939,695,1.3511,542.328519,107442,401.4040
b100r1,38,42,126,928,518,1.7915,12.337159,2960,6.8865
b100r1,39,13,42,196,145,1.3517,2.623120,2313,1.9406
b100r1,40,14,45,227,97,2.3402,175.118792,88000,74.8305
b100r1,41,12,30,133,106,1.2547,35.263372,39250,28.1046
b100r1,42,14,36,162,141,1.1489,49.672025,39306,43.2331
b100r1,43,15,45,227,174,1.3046,161.581967,94000,123.8558
b100r5,0,13,46,182,75,2.4267,0.099501,85,0.0410
b100r5,1,14,45,193,115,1.6783,353.412379,225338,210.5825
b100r5,2,13,31,116,96,1.2083,193.864401,154500,160.4395
b100r5,3,12,43,162,100,1.6200,706.920037,264000,436.3704
b100r5,4,14,47,195,118,1.6525,713.039455,288000,431.4803
b100r5,5,15,39,171,86,1.9884,0.409258,323,0.2058
b100r5,6,14,46,202,134,1.5075,72.896922,47455,48.3574
b100r5,7,12,31,130,94,1.3830,1.299997,1484,0.9400
b100r5,8,14,49,218,159,1.3711,69.333445,38113,50.5689
b100r5,9,10,23,87,59,1.4746,0.654272,1056,0.4437
b100r5,10,12,38,204,80,2.5500,303.000445,145500,118.8237
b100r5,11,11,36,129,93,1.3871,105.541520,72477,76.0881
b100r5,12,14,45,199,100,1.9900,0.639938,464,0.3216
b100r5,13,12,35,160,96,1.6667,276.539712,159500,165.9238
b100r5,14,14,34,150,76,1.9737,0.401345,377,0.2033
b100r5,15,14,45,238,97,2.4536,0.967870,731,0.3945
b100r5,16,10,27,96,71,1.3521,53.393885,50305,39.4892
b100r5,17,12,37,149,120,1.2417,87.195721,56949,70.2247
b100r5,18,10,20,84,37,2.2703,130.759675,122500,57.5965
b100r5,19,10,32,116,77,1.5065,0.614048,757,0.4076
b100r5,20,10,24,96,70,1.3714,234.389459,208000,170.9090
b100r5,21,11,25,93,57,1.6316,143.795857,131000,88.1329
b100r5,22,13,42,181,138,1.3116,2.564386,2237,1.9552
b100r5,23,14,37,159,83,1.9157,0.109158,105,0.0570
b100r5,24,11,36,132,66,2.0000,0.257706,253,0.1289
b100r5,25,31,129,961,402,2.3905,1104.665635,190583,462.0974
b100r5,26,41,111,893,340,2.6265,1518.582032,229000,578.1835
b100r5,27,43,150,1040,625,1.6640,8.871130,1613,5.3312
b100r5,28,44,144,1145,614,1.8648,1705.482787,143500,914.5558
b100r5,29,38,148,1142,495,2.3071,2.647449,522,1.1475
b100r5,30,44,100,702,416,1.6875,188.544083,46196,111.7298
b100r5,31,35,150,1263,702,1.7991,3080.024775,378500,1711.9378
b100r5,32,43,102,772,432,1.7870,1183.606448,230000,662.3290
b100r5,33,37,122,861,500,1.7220,2258.169291,349500,1311.3643
b100r5,34,32,117,753,539,1.3970,1708.345334,293000,1222.8395
b100r5,35,42,133,1059,460,2.3022,6.072423,1041,2.6377
b100r5,36,31,113,640,506,1.2648,246.329832,59996,194.7545
b100r5,37,41,116,939,695,1.3511,420.418558,85904,311.1724
b100r5,38,42,126,928,518,1.7915,6.960576,1701,3.8853
b100r5,39,13,42,196,145,1.3517,0.516368,406,0.3820
b100r5,40,14,45,227,97,2.3402,456.343038,234500,195.0012
b100r5,41,12,30,133,106,1.2547,14.186042,13819,11.3062
b100r5,42,14,36,162,141,1.1489,15.066437,11780,13.1134
b100r5,43,15,45,227,174,1.3046,421.378959,244768,322.9953
b10r10,0,13,46,182,75,2.4267,0.008808,5,0.0036
b10r10,1,14,45,193,115,1.6783,41.220107,24980,24.5612
b10r10,2,13,31,116,96,1.2083,38.845880,34093,32.1483
b10r10,3,12,43,162,100,1.6200,523.144061,247561,322.9284
b10r10,4,14,47,195,118,1.6525,443.652627,198771,268.4667
b10r10,5,15,39,171,86,1.9884,0.112361,83,0.0565
b10r10,6,14,46,202,134,1.5075,21.420030,13831,14.2093
b10r10,7,12,31,130,94,1.3830,0.553559,601,0.4003
b10r10,8,14,49,218,159,1.3711,37.913393,20575,27.6524
b10r10,9,10,23,87,59,1.4746,0.271763,378,0.1843
b10r10,10,12,38,204,80,2.5500,455.142458,242500,178.4872
b10r10,11,11,36,129,93,1.3871,27.357458,20591,19.7228
b10r10,12,14,45,199,100,1.9900,0.144410,100,0.0726
b10r10,13,12,35,160,96,1.6667,126.319117,77482,75.7915
b10r10,14,14,34,150,76,1.9737,0.086417,83,0.0438
b10r10,15,14,45,238,97,2.4536,0.242949,169,0.0990
b10r10,16,10,27,96,71,1.3521,14.973117,13935,11.0739
b10r10,17,12,37,149,120,1.2417,21.686205,14221,17.4654
b10r10,18,10,20,84,37,2.2703,252.767026,240500,111.3379
b10r10,19,10,32,116,77,1.5065,0.770006,701,0.5111
b10r10,20,10,24,96,70,1.3714,196.983532,171474,143.6338
b10r10,21,11,25,93,57,1.6316,63.876979,58534,39.1504
b10r10,22,13,42,181,138,1.3116,1.496238,1128,1.1408
b10r10,23,14,37,159,83,1.9157,0.019689,16,0.0103
b10r10,24,11,36,132,66,2.0000,0.063041,52,0.0315
b10r10,25,31,129,961,402,2.3905,218.253964,37987,91.2987
b10r10,26,41,111,893,340,2.6265,2285.299712,327500,870.1029
b10r10,27,43,150,1040,625,1.6640,4.181310,650,2.5128
b10r10,28,44,144,1145,614,1.8648,2432.899680,214000,1304.6292
b10r10,29,38,148,1142,495,2.3071,0.857056,155,0.3715
b10r10,30,44,100,702,416,1.6875,45.311399,10777,26.8512
b10r10,31,35,150,1263,702,1.7991,728.903511,94833,405.1388
b10r10,32,43,102,772,432,1.7870,1688.001993,346000,944.5814
b10r10,33,37,122,861,500,1.7220,1686.586969,254040,979.4349
b10r10,34,32,117,753,539,1.3970,1702.304937,287120,1218.5158
b10r10,35,42,133,1059,460,2.3022,6.643057,1160,2.8856
b10r10,36,31,113,640,506,1.2648,89.141731,21372,70.4777
b10r10,37,41,116,939,695,1.3511,101.466440,21260,75.1003
b10r10,38,42,126,928,518,1.7915,5.730455,1220,3.1987
b10r10,39,13,42,196,145,1.3517,0.089639,62,0.0663
b10r10,40,14,45,227,97,2.3402,113.684053,56562,48.5786
b10r10,41,12,30,133,106,1.2547,5.870969,5530,4.6791
b10r10,42,14,36,162,141,1.1489,10.003832,7695,8.7070
b10r10,43,15,45,227,174,1.3046,68.053894,39171,52.1647
b10r1,0,13,46,182,75,2.4267,0.961069,873,0.3960
b10r1,1,14,45,193,115,1.6783,178.897371,132500,106.5969
b10r1,2,13,31,116,96,1.2083,126.242869,120000,104.4769
b10r1,3,12,43,162,100,1.6200,201.511665,82500,124.3899
b10r1,4,14,47,195,118,1.6525,252.445614,100500,152.7620
b10r1,5,15,39,171,86,1.9884,0.732460,631,0.3684
b10r1,6,14,46,202,134,1.5075,84.334629,64410,55.9448
b10r1,7,12,31,130,94,1.3830,1.560868,1892,1.1286
b10r1,8,14,49,218,159,1.3711,102.013549,59925,74.4044
b10r1,9,10,23,87,59,1.4746,1.338454,2230,0.9077
b10r1,10,12,38,204,80,2.5500,125.968889,60000,49.3996
b10r1,11,11,36,129,93,1.3871,157.183100,111000,113.3180
b10r1,12,14,45,199,100,1.9900,1.508465,1105,0.7580
b10r1,13,12,35,160,96,1.6667,85.696007,49500,51.4176
b10r1,14,14,34,150,76,1.9737,0.780449,797,0.3954
b10r1,15,14,45,238,97,2.4536,5.069506,3825,2.0661
b10r1,16,10,27,96,71,1.3521,93.457752,102371,69.1198
b10r1,17,12,37,149,120,1.2417,110.552350,74213,89.0354
b10r1,18,10,20,84,37,2.2703,60.046058,56500,26.4489
b10r1,19,10,32,116,77,1.5065,0.573852,715,0.3809
b10r1,20,10,24,96,70,1.3714,95.284882,84500,69.4786
b10r1,21,11,25,93,57,1.6316,86.966690,79000,53.3022
b10r1,22,13,42,181,138,1.3116,6.210952,5334,4.7354
b10r1,23,14,37,159,83,1.9157,0.664370,666,0.3468
b10r1,24,11,36,132,66,2.0000,1.642206,1636,0.8211
b10r1,25,31,129,961,402,2.3905,347.947889,60500,145.5516
b10r1,26,41,111,893,340,2.6265,667.746552,99000,254.2372
b10r1,27,43,150,1040,625,1.6640,52.893154,9155,31.7868
b10r1,28,44,144,1145,614,1.8648,897.927149,63500,481.5085
b10r1,29,38,148,1142,495,2.3071,4.867783,892,2.1099
b10r1,30,44,100,702,416,1.6875,247.755722,56717,146.8182
b10r1,31,35,150,1263,702,1.7991,1162.589783,128500,646.1900
b10r1,32,43,102,772,432,1.7870,610.768930,104500,341.7774
b10r1,33,37,122,861,500,1.7220,951.944056,138500,552.8130
b10r1,34,32,117,753,539,1.3970,677.948121,110000,485.2776
b10r1,35,42,133,1059,460,2.3022,3.555237,551,1.5443
b10r1,36,31,113,640,506,1.2648,549.768829,129000,434.6610
b10r1,37,41,116,939,695,1.3511,562.441696,107442,416.2907
b10r1,38,42,126,928,518,1.7915,12.729556,2960,7.1055
b10r1,39,13,42,196,145,1.3517,2.703705,2313,2.0002
b10r1,40,14,45,227,97,2.3402,179.867815,88000,76.8598
b10r1,41,12,30,133,106,1.2547,36.475345,39250,29.0706
b10r1,42,14,36,162,141,1.1489,51.009950,39306,44.3975
b10r1,43,15,45,227,174,1.3046,164.824856,94000,126.3415
b10r5,0,13,46,182,75,2.4267,0.105065,85,0.0433
b10r5,1,14,45,193,115,1.6783,353.413986,225338,210.5835
b10r5,2,13,31,116,96,1.2083,180.202532,154500,149.1331
b10r5,3,12,43,162,100,1.6200,683.393488,264000,421.8478
b10r5,4,14,47,195,118,1.6525,704.350482,288000,426.2223
b10r5,5,15,39,171,86,1.9884,0.409917,323,0.2062
b10r5,6,14,46,202,134,1.5075,72.115410,47455,47.8389
b10r5,7,12,31,130,94,1.3830,1.287603,1484,0.9310
b10r5,8,14,49,218,159,1.3711,68.379164,38113,49.8729
b10r5,9,10,23,87,59,1.4746,0.641336,1056,0.4349
b10r5,10,12,38,204,80,2.5500,300.273792,145500,117.7544
b10r5,11,11,36,129,93,1.3871,103.737618,72477,74.7876
b10r5,12,14,45,199,100,1.9900,0.639352,464,0.3213
b10r5,13,12,35,160,96,1.6667,276.245176,159500,165.7471
b10r5,14,14,34,150,76,1.9737,0.396952,377,0.2011
b10r5,15,14,45,238,97,2.4536,0.972262,731,0.3963
b10r5,16,10,27,96,71,1.3521,53.362967,50305,39.4664
b10r5,17,12,37,149,120,1.2417,86.920051,56949,70.0027
b10r5,18,10,20,84,37,2.2703,130.959364,122500,57.6845
b10r5,19,10,32,116,77,1.5065,0.618308,757,0.4104
b10r5,20,10,24,96,70,1.3714,234.650916,208000,171.0996
b10r5,21,11,25,93,57,1.6316,146.036668,131000,89.5063
b10r5,22,13,42,181,138,1.3116,2.614206,2237,1.9932
b10r5,23,14,37,159,83,1.9157,0.112767,105,0.0589
b10r5,24,11,36,132,66,2.0000,0.263680,253,0.1318
b10r5,25,31,129,961,402,2.3905,1122.212798,190583,469.4376
b10r5,26,41,111,893,340,2.6265,1549.461943,229000,589.9407
b10r5,27,43,150,1040,625,1.6640,9.238103,1613,5.5517
b10r5,28,44,144,1145,614,1.8648,1780.817896,143500,954.9539
b10r5,29,38,148,1142,495,2.3071,2.728557,522,1.1827
b10r5,30,44,100,702,416,1.6875,193.529023,46196,114.6839
b10r5,31,35,150,1263,702,1.7991,3171.850682,378500,1762.9764
b10r5,32,43,102,772,432,1.7870,1229.879790,230000,688.2229
b10r5,33,37,122,861,500,1.7220,2275.466723,349500,1321.4092
b10r5,34,32,117,753,539,1.3970,1726.542643,293000,1235.8652
b10r5,35,42,133,1059,460,2.3022,6.169472,1041,2.6798
b10r5,36,31,113,640,506,1.2648,248.903446,59996,196.7893
b10r5,37,41,116,939,695,1.3511,424.541498,85904,314.2240
b10r5,38,42,126,928,518,1.7915,7.050329,1701,3.9354
b10r5,39,13,42,196,145,1.3517,0.516571,406,0.3822
b10r5,40,14,45,227,97,2.3402,462.419378,234500,197.5977
b10r5,41,12,30,133,106,1.2547,14.507655,13819,11.5625
b10r5,42,14,36,162,141,1.1489,15.470121,11780,13.4647
b10r5,43,15,45,227,174,1.3046,429.101602,244768,328.9149
b1r10,0,13,46,182,75,2.4267,0.008753,5,0.0036
b1r10,1,14,45,193,115,1.6783,41.355646,24980,24.6420
b1r10,2,13,31,116,96,1.2083,39.437390,34093,32.6378
b1r10,3,12,43,162,100,1.6200,526.773420,247561,325.1688
b1r10,4,14,47,195,118,1.6525,448.854466,198771,271.6145
b1r10,5,15,39,171,86,1.9884,0.114697,83,0.0577
b1r10,6,14,46,202,134,1.5075,21.499174,13831,14.2618
b1r10,7,12,31,130,94,1.3830,0.557958,601,0.4034
b1r10,8,14,49,218,159,1.3711,38.176827,20575,27.8446
b1r10,9,10,23,87,59,1.4746,0.271425,378,0.1841
b1r10,10,12,38,204,80,2.5500,458.053279,242500,179.6287
b1r10,11,11,36,129,93,1.3871,27.591267,20591,19.8914
b1r10,12,14,45,199,100,1.9900,0.146359,100,0.0735
b1r10,13,12,35,160,96,1.6667,127.027740,77482,76.2166
b1r10,14,14,34,150,76,1.9737,0.086973,83,0.0441
b1r10,15,14,45,238,97,2.4536,0.246862,169,0.1006
b1r10,16,10,27,96,71,1.3521,15.092241,13935,11.1620
b1r10,17,12,37,149,120,1.2417,21.777066,14221,17.5386
b1r10,18,10,20,84,37,2.2703,254.765463,240500,112.2181
b1r10,19,10,32,116,77,1.5065,0.779778,701,0.5176
b1r10,20,10,24,96,70,1.3714,198.338202,171474,144.6216
b1r10,21,11,25,93,57,1.6316,64.618826,58534,39.6051
b1r10,22,13,42,181,138,1.3116,1.497871,1128,1.1420
b1r10,23,14,37,159,83,1.9157,0.019849,16,0.0104
b1r10,24,11,36,132,66,2.0000,0.063382,52,0.0317
b1r10,25,31,129,961,402,2.3905,219.201145,37987,91.6950
b1r10,26,41,111,893,340,2.6265,2293.781383,327500,873.3322
b1r10,27,43,150,1040,625,1.6640,4.206536,650,2.5280
b1r10,28,44,144,1145,614,1.8648,2438.041039,214000,1307.3862
b1r10,29,38,148,1142,495,2.3071,0.861777,155,0.3735
b1r10,30,44,100,702,416,1.6875,45.507999,10777,26.9677
b1r10,31,35,150,1263,702,1.7991,731.820883,94833,406.7603
b1r10,32,43,102,772,432,1.7870,1700.446358,346000,951.5451
b1r10,33,37,122,861,500,1.7220,1699.012137,254040,986.6505
b1r10,34,32,117,753,539,1.3970,1708.708073,287120,1223.0991
b1r10,35,42,133,1059,460,2.3022,6.869607,1160,2.9840
b1r10,36,31,113,640,506,1.2648,91.861025,21372,72.6276
b1r10,37,41,116,939,695,1.3511,102.021772,21260,75.5113
b1r10,38,42,126,928,518,1.7915,5.790164,1220,3.2320
b1r10,39,13,42,196,145,1.3517,0.094645,62,0.0700
b1r10,40,14,45,227,97,2.3402,115.527564,56562,49.3664
b1r10,41,12,30,133,106,1.2547,6.013343,5530,4.7926
b1r10,42,14,36,162,141,1.1489,10.220383,7695,8.8955
b1r10,43,15,45,227,174,1.3046,68.819398,39171,52.7514
b1r1,0,13,46,182,75,2.4267,0.926566,873,0.3818
b1r1,1,14,45,193,115,1.6783,175.157625,132500,104.3685
b1r1,2,13,31,116,96,1.2083,121.248385,120000,100.3435
b1r1,3,12,43,162,100,1.6200,201.712433,82500,124.5138
b1r1,4,14,47,195,118,1.6525,248.931215,100500,150.6353
b1r1,5,15,39,171,86,1.9884,0.934544,631,0.4700
b1r1,6,14,46,202,134,1.5075,105.698613,64410,70.1169
b1r1,7,12,31,130,94,1.3830,1.958901,1892,1.4164
b1r1,8,14,49,218,159,1.3711,105.061943,59925,76.6277
b1r1,9,10,23,87,59,1.4746,1.280153,2230,0.8681
b1r1,10,12,38,204,80,2.5500,123.311879,60000,48.3576
b1r1,11,11,36,129,93,1.3871,157.244978,111000,113.3627
b1r1,12,14,45,199,100,1.9900,1.511216,1105,0.7594
b1r1,13,12,35,160,96,1.6667,87.846280,49500,52.7078
b1r1,14,14,34,150,76,1.9737,0.817447,797,0.4142
b1r1,15,14,45,238,97,2.4536,5.242117,3825,2.1365
b1r1,16,10,27,96,71,1.3521,97.297677,102371,71.9597
b1r1,17,12,37,149,120,1.2417,114.566075,74213,92.2680
b1r1,18,10,20,84,37,2.2703,62.498131,56500,27.5289
b1r1,19,10,32,116,77,1.5065,0.601138,715,0.3990
b1r1,20,10,24,96,70,1.3714,99.241630,84500,72.3637
b1r1,21,11,25,93,57,1.6316,90.566715,79000,55.5086
b1r1,22,13,42,181,138,1.3116,6.455938,5334,4.9222
b1r1,23,14,37,159,83,1.9157,0.693752,666,0.3621
b1r1,24,11,36,132,66,2.0000,1.732504,1636,0.8663
b1r1,25,31,129,961,402,2.3905,359.499343,60500,150.3837
b1r1,26,41,111,893,340,2.6265,690.838868,99000,263.0294
b1r1,27,43,150,1040,625,1.6640,55.070163,9155,33.0950
b1r1,28,44,144,1145,614,1.8648,921.744366,63500,494.2804
b1r1,29,38,148,1142,495,2.3071,5.021149,892,2.1764
b1r1,30,44,100,702,416,1.6875,255.169008,56717,151.2113
b1r1,31,35,150,1263,702,1.7991,1203.004474,128500,668.6533
b1r1,32,43,102,772,432,1.7870,633.352115,104500,354.4147
b1r1,33,37,122,861,500,1.7220,979.495160,138500,568.8125
b1r1,34,32,117,753,539,1.3970,702.374748,110000,502.7623
b1r1,35,42,133,1059,460,2.3022,3.615191,551,1.5703
b1r1,36,31,113,640,506,1.2648,560.360913,129000,443.0353
b1r1,37,41,116,939,695,1.3511,573.092313,107442,424.1738
b1r1,38,42,126,928,518,1.7915,13.069490,2960,7.2953
b1r1,39,13,42,196,145,1.3517,2.799886,2313,2.0713
b1r1,40,14,45,227,97,2.3402,185.271842,88000,79.1690
b1r1,41,12,30,133,106,1.2547,37.752773,39250,30.0887
b1r1,42,14,36,162,141,1.1489,52.640766,39306,45.8170
b1r1,43,15,45,227,174,1.3046,170.341631,94000,130.5702
b1r5,0,13,46,182,75,2.4267,0.102447,85,0.0422
b1r5,1,14,45,193,115,1.6783,356.883371,225338,212.6507
b1r5,2,13,31,116,96,1.2083,181.342143,154500,150.0763
b1r5,3,12,43,162,100,1.6200,691.993887,264000,427.1567
b1r5,4,14,47,195,118,1.6525,706.427723,288000,427.4793
b1r5,5,15,39,171,86,1.9884,0.408933,323,0.2057
b1r5,6,14,46,202,134,1.5075,72.562656,47455,48.1356
b1r5,7,12,31,130,94,1.3830,1.302718,1484,0.9420
b1r5,8,14,49,218,159,1.3711,69.046554,38113,50.3596
b1r5,9,10,23,87,59,1.4746,0.649245,1056,0.4403
b1r5,10,12,38,204,80,2.5500,301.105037,145500,118.0804
b1r5,11,11,36,129,93,1.3871,104.476845,72477,75.3205
b1r5,12,14,45,199,100,1.9900,0.645407,464,0.3243
b1r5,13,12,35,160,96,1.6667,276.862311,159500,166.1174
b1r5,14,14,34,150,76,1.9737,0.398381,377,0.2018
b1r5,15,14,45,238,97,2.4536,0.981123,731,0.3999
b1r5,16,10,27,96,71,1.3521,53.472691,50305,39.5475
b1r5,17,12,37,149,120,1.2417,87.164347,56949,70.1995
b1r5,18,10,20,84,37,2.2703,131.200813,122500,57.7908
b1r5,19,10,32,116,77,1.5065,0.621982,757,0.4129
b1r5,20,10,24,96,70,1.3714,236.043348,208000,172.1149
b1r5,21,11,25,93,57,1.6316,147.396397,131000,90.3397
b1r5,22,13,42,181,138,1.3116,2.640444,2237,2.0132
b1r5,23,14,37,159,83,1.9157,0.114952,105,0.0600
b1r5,24,11,36,132,66,2.0000,0.262762,253,0.1314
b1r5,25,31,129,961,402,2.3905,1126.507030,190583,471.2340
b1r5,26,41,111,893,340,2.6265,1547.738847,229000,589.2847
b1r5,27,43,150,1040,625,1.6640,9.272888,1613,5.5726
b1r5,28,44,144,1145,614,1.8648,1781.214538,143500,955.1666
b1r5,29,38,148,1142,495,2.3071,2.751078,522,1.1925
b1r5,30,44,100,702,416,1.6875,194.478753,46196,115.2467
b1r5,31,35,150,1263,702,1.7991,3174.939419,378500,1764.6932
b1r5,32,43,102,772,432,1.7870,1237.603048,230000,692.5447
b1r5,33,37,122,861,500,1.7220,2290.079063,349500,1329.8949
b1r5,34,32,117,753,539,1.3970,1732.352606,293000,1240.0240
b1r5,35,42,133,1059,460,2.3022,6.181451,1041,2.6850
b1r5,36,31,113,640,506,1.2648,250.430047,59996,197.9963
b1r5,37,41,116,939,695,1.3511,426.888880,85904,315.9614
b1r5,38,42,126,928,518,1.7915,7.087024,1701,3.9559
b1r5,39,13,42,196,145,1.3517,0.520407,406,0.3850
b1r5,40,14,45,227,97,2.3402,464.361365,234500,198.4275
b1r5,41,12,30,133,106,1.2547,14.512836,13819,11.5666
b1r5,42,14,36,162,141,1.1489,15.309892,11780,13.3253
b1r5,43,15,45,227,174,1.3046,429.481916,244768,329.2064
rw_b100r10,0,7,26,96,54,1.7778,0.014772,15,0.0083
rw_b100r10,1,8,29,100,77,1.2987,0.629458,605,0.4847
rw_b100r10,2,11,43,163,61,2.6721,616.799224,241000,230.8267
rw_b100r10,3,11,11,39,30,1.3000,0.000695,1,0.0005
rw_b100r10,4,12,37,147,97,1.5155,674.746451,231899,445.2409
rw_b100r10,5,18,18,138,25,5.5200,0.188714,106,0.0342
rw_b100r10,6,45,45,1034,45,22.9778,3685.448570,287737,160.3919
rw_b100r10,7,25,25,324,25,12.9600,0.021785,9,0.0017
rw_b100r10,8,9,9,44,9,4.8889,0.021610,52,0.0044
rw_b100r10,9,27,27,271,57,4.7544,0.108680,62,0.0229
rw_b100r10,10,6,6,17,12,1.4167,0.000210,1,0.0001
rw_b100r10,11,21,21,138,48,2.8750,0.048817,44,0.0170
rw_b100r10,12,22,22,249,24,10.3750,8.529687,4249,0.8221
rw_b100r10,13,53,53,795,84,9.4643,0.001471,1,0.0002
rw_b100r10,14,25,25,246,35,7.0286,136.653709,57657,19.4426
rw_b100r10,15,10,10,54,10,5.4000,0.044245,92,0.0082
rw_b100r10,16,23,23,275,23,11.9565,0.023744,12,0.0020
rw_b100r10,17,34,34,594,34,17.4706,0.047252,11,0.0027
rw_b100r10,18,22,22,249,24,10.3750,8.552957,4249,0.8244
rw_b100r10,19,23,23,241,33,7.3030,0.042976,21,0.0059
rw_b100r10,20,30,30,464,30,15.4667,349.792408,91500,22.6159
rw_b100r10,21,16,16,135,16,8.4375,0.087223,78,0.0103
rw_b100r10,22,27,27,187,59,3.1695,1.523300,828,0.4806
rw_b100r1,0,7,26,96,54,1.7778,5.954831,7178,3.3496
rw_b100r1,1,8,29,100,77,1.2987,2.802300,2865,2.1578
rw_b100r1,2,11,43,163,61,2.6721,127.202109,40500,47.6032
rw_b100r1,3,11,11,39,30,1.3000,0.000633,1,0.0005
rw_b100r1,4,12,37,147,97,1.5155,337.221201,110000,222.5201
rw_b100r1,5,18,18,138,25,5.5200,0.131102,74,0.0238
rw_b100r1,6,45,45,1034,45,22.9778,1066.525837,82500,46.4155
rw_b100r1,7,25,25,324,25,12.9600,0.002170,1,0.0002
rw_b100r1,8,9,9,44,9,4.8889,0.008357,20,0.0017
rw_b100r1,9,27,27,271,57,4.7544,0.097835,55,0.0206
rw_b100r1,10,6,6,17,12,1.4167,0.000225,1,0.0002
rw_b100r1,11,21,21,138,48,2.8750,0.015782,14,0.0055
rw_b100r1,12,22,22,249,24,10.3750,33.389957,16172,3.2183
rw_b100r1,13,53,53,795,84,9.4643,0.001614,1,0.0002
rw_b100r1,14,25,25,246,35,7.0286,242.508175,99411,34.5032
rw_b100r1,15,10,10,54,10,5.4000,0.058850,127,0.0109
rw_b100r1,16,23,23,275,23,11.9565,0.007085,4,0.0006
rw_b100r1,17,34,34,594,34,17.4706,0.006303,2,0.0004
rw_b100r1,18,22,22,249,24,10.3750,32.692759,16172,3.1511
rw_b100r1,19,23,23,241,33,7.3030,0.003702,2,0.0005
rw_b100r1,20,30,30,464,30,15.4667,151.777624,38500,9.8132
rw_b100r1,21,16,16,135,16,8.4375,0.026810,24,0.0032
rw_b100r1,22,27,27,187,59,3.1695,14.334554,7986,4.5227
rw_b100r5,0,7,26,96,54,1.7778,0.137219,153,0.0772
rw_b100r5,1,8,29,100,77,1.2987,1.652588,1636,1.2725
rw_b100r5,2,11,43,163,61,2.6721,320.525801,121500,119.9514
rw_b100r5,3,11,11,39,30,1.3000,0.000660,1,0.0005
rw_b100r5,4,12,37,147,97,1.5155,960.822052,330000,634.0118
rw_b100r5,5,18,18,138,25,5.5200,0.186336,107,0.0338
rw_b100r5,6,45,45,1034,45,22.9778,3020.685395,237000,131.4612
rw_b100r5,7,25,25,324,25,12.9600,0.011973,5,0.0009
rw_b100r5,8,9,9,44,9,4.8889,0.015857,38,0.0032
rw_b100r5,9,27,27,271,57,4.7544,0.161673,91,0.0340
rw_b100r5,10,6,6,17,12,1.4167,0.000219,1,0.0002
rw_b100r5,11,21,21,138,48,2.8750,0.033019,30,0.0115
rw_b100r5,12,22,22,249,24,10.3750,26.908944,13255,2.5936
rw_b100r5,13,53,53,795,84,9.4643,0.001533,1,0.0002
rw_b100r5,14,25,25,246,35,7.0286,348.626112,143675,49.6013
rw_b100r5,15,10,10,54,10,5.4000,0.070897,150,0.0131
rw_b100r5,16,23,23,275,23,11.9565,0.024833,12,0.0021
rw_b100r5,17,34,34,594,34,17.4706,0.052867,12,0.0030
rw_b100r5,18,22,22,249,24,10.3750,26.768702,13255,2.5801
rw_b100r5,19,23,23,241,33,7.3030,0.026408,13,0.0036
rw_b100r5,20,30,30,464,30,15.4667,246.014332,64000,15.9061
rw_b100r5,21,16,16,135,16,8.4375,0.066403,58,0.0079
rw_b100r5,22,27,27,187,59,3.1695,8.039012,4425,2.5364
rw_b10r10,0,7,26,96,54,1.7778,0.014486,15,0.0081
rw_b10r10,1,8,29,100,77,1.2987,0.620871,605,0.4781
rw_b10r10,2,11,43,163,61,2.6721,611.284945,241000,228.7631
rw_b10r10,3,11,11,39,30,1.3000,0.000659,1,0.0005
rw_b10r10,4,12,37,147,97,1.5155,670.325167,231899,442.3234
rw_b10r10,5,18,18,138,25,5.5200,0.187625,106,0.0340
rw_b10r10,6,45,45,1034,45,22.9778,3680.734254,287737,160.1867
rw_b10r10,7,25,25,324,25,12.9600,0.028795,9,0.0022
rw_b10r10,8,9,9,44,9,4.8889,0.031313,52,0.0064
rw_b10r10,9,27,27,271,57,4.7544,0.142765,62,0.0300
rw_b10r10,10,6,6,17,12,1.4167,0.000279,1,0.0002
rw_b10r10,11,21,21,138,48,2.8750,0.066389,44,0.0231
rw_b10r10,12,22,22,249,24,10.3750,11.222135,4249,1.0817
rw_b10r10,13,53,53,795,84,9.4643,0.002147,1,0.0002
rw_b10r10,14,25,25,246,35,7.0286,181.834464,57657,25.8708
rw_b10r10,15,10,10,54,10,5.4000,0.059755,92,0.0111
rw_b10r10,16,23,23,275,23,11.9565,0.031810,12,0.0027
rw_b10r10,17,34,34,594,34,17.4706,0.064324,11,0.0037
rw_b10r10,18,22,22,249,24,10.3750,11.221683,4249,1.0816
rw_b10r10,19,23,23,241,33,7.3030,0.056315,21,0.0077
rw_b10r10,20,30,30,464,30,15.4667,449.476994,91500,29.0610
rw_b10r10,21,16,16,135,16,8.4375,0.112600,78,0.0133
rw_b10r10,22,27,27,187,59,3.1695,2.020907,828,0.6376
rw_b10r1,0,7,26,96,54,1.7778,5.845944,7178,3.2883
rw_b10r1,1,8,29,100,77,1.2987,2.771325,2865,2.1339
rw_b10r1,2,11,43,163,61,2.6721,124.717710,40500,46.6735
rw_b10r1,3,11,11,39,30,1.3000,0.000813,1,0.0006
rw_b10r1,4,12,37,147,97,1.5155,331.846609,110000,218.9736
rw_b10r1,5,18,18,138,25,5.5200,0.132271,74,0.0240
rw_b10r1,6,45,45,1034,45,22.9778,1070.569481,82500,46.5915
rw_b10r1,7,25,25,324,25,12.9600,0.002919,1,0.0002
rw_b10r1,8,9,9,44,9,4.8889,0.011710,20,0.0024
rw_b10r1,9,27,27,271,57,4.7544,0.131303,55,0.0276
rw_b10r1,10,6,6,17,12,1.4167,0.000312,1,0.0002
rw_b10r1,11,21,21,138,48,2.8750,0.021848,14,0.0076
rw_b10r1,12,22,22,249,24,10.3750,43.399066,16172,4.1830
rw_b10r1,13,53,53,795,84,9.4643,0.002256,1,0.0002
rw_b10r1,14,25,25,246,35,7.0286,317.786610,99411,45.2135
rw_b10r1,15,10,10,54,10,5.4000,0.079881,127,0.0148
rw_b10r1,16,23,23,275,23,11.9565,0.009536,4,0.0008
rw_b10r1,17,34,34,594,34,17.4706,0.008478,2,0.0005
rw_b10r1,18,22,22,249,24,10.3750,43.313503,16172,4.1748
rw_b10r1,19,23,23,241,33,7.3030,0.004975,2,0.0007
rw_b10r1,20,30,30,464,30,15.4667,195.261684,38500,12.6247
rw_b10r1,21,16,16,135,16,8.4375,0.036151,24,0.0043
rw_b10r1,22,27,27,187,59,3.1695,19.139567,7986,6.0387
rw_b10r5,0,7,26,96,54,1.7778,0.134101,153,0.0754
rw_b10r5,1,8,29,100,77,1.2987,1.632457,1636,1.2570
rw_b10r5,2,11,43,163,61,2.6721,319.520864,121500,119.5753
rw_b10r5,3,11,11,39,30,1.3000,0.000639,1,0.0005
rw_b10r5,4,12,37,147,97,1.5155,957.635348,330000,631.9090
rw_b10r5,5,18,18,138,25,5.5200,0.186373,107,0.0338
rw_b10r5,6,45,45,1034,45,22.9778,3020.246584,237000,131.4421
rw_b10r5,7,25,25,324,25,12.9600,0.015313,5,0.0012
rw_b10r5,8,9,9,44,9,4.8889,0.021278,38,0.0044
rw_b10r5,9,27,27,271,57,4.7544,0.209684,91,0.0441
rw_b10r5,10,6,6,17,12,1.4167,0.000295,1,0.0002
rw_b10r5,11,21,21,138,48,2.8750,0.045847,30,0.0159
rw_b10r5,12,22,22,249,24,10.3750,35.113229,13255,3.3844
rw_b10r5,13,53,53,795,84,9.4643,0.002158,1,0.0002
rw_b10r5,14,25,25,246,35,7.0286,449.493539,143675,63.9523
rw_b10r5,15,10,10,54,10,5.4000,0.094557,150,0.0175
rw_b10r5,16,23,23,275,23,11.9565,0.031033,12,0.0026
rw_b10r5,17,34,34,594,34,17.4706,0.066748,12,0.0038
rw_b10r5,18,22,22,249,24,10.3750,34.639707,13255,3.3388
rw_b10r5,19,23,23,241,33,7.3030,0.034858,13,0.0048
rw_b10r5,20,30,30,464,30,15.4667,312.024803,64000,20.1740
rw_b10r5,21,16,16,135,16,8.4375,0.085411,58,0.0101
rw_b10r5,22,27,27,187,59,3.1695,10.665300,4425,3.3650
rw_b1r10,0,7,26,96,54,1.7778,0.014756,15,0.0083
rw_b1r10,1,8,29,100,77,1.2987,0.637173,605,0.4906
rw_b1r10,2,11,43,163,61,2.6721,622.396030,241000,232.9212
rw_b1r10,3,11,11,39,30,1.3000,0.000717,1,0.0006
rw_b1r10,4,12,37,147,97,1.5155,682.815690,231899,450.5655
rw_b1r10,5,18,18,138,25,5.5200,0.191502,106,0.0347
rw_b1r10,6,45,45,1034,45,22.9778,3745.756818,287737,163.0165
rw_b1r10,7,25,25,324,25,12.9600,0.029602,9,0.0023
rw_b1r10,8,9,9,44,9,4.8889,0.030256,52,0.0062
rw_b1r10,9,27,27,271,57,4.7544,0.150283,62,0.0316
rw_b1r10,10,6,6,17,12,1.4167,0.000306,1,0.0002
rw_b1r10,11,21,21,138,48,2.8750,0.068485,44,0.0238
rw_b1r10,12,22,22,249,24,10.3750,11.650151,4249,1.1229
rw_b1r10,13,53,53,795,84,9.4643,0.002055,1,0.0002
rw_b1r10,14,25,25,246,35,7.0286,187.392186,57657,26.6615
rw_b1r10,15,10,10,54,10,5.4000,0.061687,92,0.0114
rw_b1r10,16,23,23,275,23,11.9565,0.032517,12,0.0027
rw_b1r10,17,34,34,594,34,17.4706,0.064064,11,0.0037
rw_b1r10,18,22,22,249,24,10.3750,11.484414,4249,1.1069
rw_b1r10,19,23,23,241,33,7.3030,0.059434,21,0.0081
rw_b1r10,20,30,30,464,30,15.4667,458.497247,91500,29.6442
rw_b1r10,21,16,16,135,16,8.4375,0.119202,78,0.0141
rw_b1r10,22,27,27,187,59,3.1695,2.067236,828,0.6522
rw_b1r1,0,7,26,96,54,1.7778,5.840268,7178,3.2852
rw_b1r1,1,8,29,100,77,1.2987,2.745479,2865,2.1140
rw_b1r1,2,11,43,163,61,2.6721,124.480441,40500,46.5847
rw_b1r1,3,11,11,39,30,1.3000,0.000629,1,0.0005
rw_b1r1,4,12,37,147,97,1.5155,329.513633,110000,217.4342
rw_b1r1,5,18,18,138,25,5.5200,0.128720,74,0.0233
rw_b1r1,6,45,45,1034,45,22.9778,1061.981193,82500,46.2178
rw_b1r1,7,25,25,324,25,12.9600,0.002790,1,0.0002
rw_b1r1,8,9,9,44,9,4.8889,0.011693,20,0.0024
rw_b1r1,9,27,27,271,57,4.7544,0.129990,55,0.0273
rw_b1r1,10,6,6,17,12,1.4167,0.000313,1,0.0002
rw_b1r1,11,21,21,138,48,2.8750,0.021612,14,0.0075
rw_b1r1,12,22,22,249,24,10.3750,43.054855,16172,4.1499
rw_b1r1,13,53,53,795,84,9.4643,0.002074,1,0.0002
rw_b1r1,14,25,25,246,35,7.0286,316.327185,99411,45.0059
rw_b1r1,15,10,10,54,10,5.4000,0.079418,127,0.0147
rw_b1r1,16,23,23,275,23,11.9565,0.009446,4,0.0008
rw_b1r1,17,34,34,594,34,17.4706,0.008181,2,0.0005
rw_b1r1,18,22,22,249,24,10.3750,43.187268,16172,4.1626
rw_b1r1,19,23,23,241,33,7.3030,0.004758,2,0.0007
rw_b1r1,20,30,30,464,30,15.4667,194.772551,38500,12.5931
rw_b1r1,21,16,16,135,16,8.4375,0.036072,24,0.0043
rw_b1r1,22,27,27,187,59,3.1695,18.991055,7986,5.9918
rw_b1r5,0,7,26,96,54,1.7778,0.135645,153,0.0763
rw_b1r5,1,8,29,100,77,1.2987,1.625292,1636,1.2515
rw_b1r5,2,11,43,163,61,2.6721,318.910996,121500,119.3471
rw_b1r5,3,11,11,39,30,1.3000,0.000627,1,0.0005
rw_b1r5,4,12,37,147,97,1.5155,977.076397,330000,644.7375
rw_b1r5,5,18,18,138,25,5.5200,0.191726,107,0.0347
rw_b1r5,6,45,45,1034,45,22.9778,3074.008051,237000,133.7818
rw_b1r5,7,25,25,324,25,12.9600,0.016033,5,0.0012
rw_b1r5,8,9,9,44,9,4.8889,0.022141,38,0.0045
rw_b1r5,9,27,27,271,57,4.7544,0.218277,91,0.0459
rw_b1r5,10,6,6,17,12,1.4167,0.000303,1,0.0002
rw_b1r5,11,21,21,138,48,2.8750,0.047213,30,0.0164
rw_b1r5,12,22,22,249,24,10.3750,36.519847,13255,3.5200
rw_b1r5,13,53,53,795,84,9.4643,0.002306,1,0.0002
rw_b1r5,14,25,25,246,35,7.0286,469.276512,143675,66.7670
rw_b1r5,15,10,10,54,10,5.4000,0.099160,150,0.0184
rw_b1r5,16,23,23,275,23,11.9565,0.032052,12,0.0027
rw_b1r5,17,34,34,594,34,17.4706,0.069135,12,0.0040
rw_b1r5,18,22,22,249,24,10.3750,36.264436,13255,3.4954
rw_b1r5,19,23,23,241,33,7.3030,0.035981,13,0.0049
rw_b1r5,20,30,30,464,30,15.4667,324.118183,64000,20.9559
rw_b1r5,21,16,16,135,16,8.4375,0.089827,58,0.0106
rw_b1r5,22,27,27,187,59,3.1695,10.938444,4425,3.4512
