source,network_id,n_controls,total_Q,runtime_exact_s,runtime_stoch_s,iters_exact,iters_stoch,binary_work,nary_work,work_speedup,est_nary_runtime_s
b100r10,0,13,46,0.008702,0.069354,5,6,182,75,2.4267,0.0036
b100r10,1,14,45,50.762346,241.319850,24980,26780,193,115,1.6783,30.2470
b100r10,2,13,31,48.196333,201.021681,34093,37069,116,96,1.2083,39.8866
b100r10,3,12,43,586.530973,1056.988549,247561,248361,162,100,1.6200,362.0562
b100r10,4,14,47,563.716942,1211.858448,198771,184581,195,118,1.6525,341.1210
b100r10,5,15,39,0.138856,1.193539,83,84,171,86,1.9884,0.0698
b100r10,6,14,46,26.284119,149.679198,13831,14960,202,134,1.5075,17.4360
b100r10,7,12,31,0.691224,5.726708,601,591,130,94,1.3830,0.4998
b100r10,8,14,49,45.980557,256.371211,20575,25439,218,159,1.3711,33.5363
b100r10,9,10,23,0.333013,1.881217,378,357,87,59,1.4746,0.2258
b100r10,10,12,38,550.522963,1137.294354,242500,251000,204,80,2.5500,215.8914
b100r10,11,11,36,33.631323,109.480620,20591,21632,129,93,1.3871,24.2458
b100r10,12,14,45,0.177226,1.498556,100,105,199,100,1.9900,0.0891
b100r10,13,12,35,153.192690,371.664123,77482,77156,160,96,1.6667,91.9156
b100r10,14,14,34,0.109315,0.910145,83,75,150,76,1.9737,0.0554
b100r10,15,14,45,0.300002,1.891814,169,191,238,97,2.4536,0.1223
b100r10,16,10,27,18.269413,64.754290,13935,10920,96,71,1.3521,13.5118
b100r10,17,12,37,26.410988,103.269991,14221,15929,149,120,1.2417,21.2706
b100r10,18,10,20,306.745896,228.778913,240500,82000,84,37,2.2703,135.1143
b100r10,19,10,32,0.952219,7.429720,701,1080,116,77,1.5065,0.6321
b100r10,20,10,24,238.802558,783.209793,171474,171921,96,70,1.3714,174.1269
b100r10,21,11,25,77.800079,205.214073,58534,58912,93,57,1.6316,47.6839
b100r10,22,13,42,1.830737,11.075132,1128,1119,181,138,1.3116,1.3958
b100r10,23,14,37,0.025145,0.164930,16,14,159,83,1.9157,0.0131
b100r10,24,11,36,0.078940,0.278920,52,53,132,66,2.0000,0.0395
b100r10,25,31,129,263.110333,1741.072418,37987,48436,961,402,2.3905,110.0628
b100r10,26,41,111,2721.900847,7038.049641,327500,256000,893,340,2.6265,1036.3340
b100r10,27,43,150,4.111012,32.337184,650,621,1040,625,1.6640,2.4706
b100r10,28,44,144,2300.575879,4312.852458,214000,231500,1145,614,1.8648,1233.6713
b100r10,29,38,148,0.830711,5.419471,155,96,1142,495,2.3071,0.3601
b100r10,30,44,100,43.808084,220.906402,10777,11666,702,416,1.6875,25.9603
b100r10,31,35,150,702.262643,3272.809202,94833,94627,1263,702,1.7991,390.3313
b100r10,32,43,102,1634.777892,4322.901732,346000,319000,772,432,1.7870,914.7980
b100r10,33,37,122,1656.368622,3746.294534,254040,272190,861,500,1.7220,961.8865
b100r10,34,32,117,1651.225855,3771.051623,287120,284113,753,539,1.3970,1181.9532
b100r10,35,42,133,6.629654,12.701002,1160,887,1059,460,2.3022,2.8797
b100r10,36,31,113,88.688189,867.251882,21372,28891,640,506,1.2648,70.1191
b100r10,37,41,116,101.155765,827.090487,21260,27902,939,695,1.3511,74.8703
b100r10,38,42,126,5.749170,58.226072,1220,1253,928,518,1.7915,3.2091
b100r10,39,13,42,0.090652,0.484357,62,66,196,145,1.3517,0.0671
b100r10,40,14,45,114.467012,391.680920,56562,48341,227,97,2.3402,48.9132
b100r10,41,12,30,5.928136,26.427995,5530,4591,133,106,1.2547,4.7247
b100r10,42,14,36,10.066003,89.524819,7695,9663,162,141,1.1489,8.7612
b100r10,43,15,45,68.428116,363.753938,39171,45915,227,174,1.3046,52.4515
b100r1,0,13,46,0.977147,4.276106,873,499,182,75,2.4267,0.4027
b100r1,1,14,45,181.875783,871.038857,132500,132500,193,115,1.6783,108.3716
b100r1,2,13,31,129.530893,798.019025,120000,139000,116,96,1.2083,107.1980
b100r1,3,12,43,214.754414,326.036970,82500,97000,162,100,1.6200,132.5645
b100r1,4,14,47,267.462239,434.149353,100500,86000,195,118,1.6525,161.8489
b100r1,5,15,39,0.785885,30.177182,631,2604,171,86,1.9884,0.3952
b100r1,6,14,46,90.617606,1066.862757,64410,139803,202,134,1.5075,60.1127
b100r1,7,12,31,1.618899,136.738339,1892,18258,130,94,1.3830,1.1706
b100r1,8,14,49,103.991549,972.333596,59925,123294,218,159,1.3711,75.8470
b100r1,9,10,23,1.339053,9.043043,2230,2448,87,59,1.4746,0.9081
b100r1,10,12,38,125.769938,161.589177,60000,47500,204,80,2.5500,49.3215
b100r1,11,11,36,156.577226,439.434119,111000,112500,129,93,1.3871,112.8813
b100r1,12,14,45,1.514188,10.779950,1105,1022,199,100,1.9900,0.7609
b100r1,13,12,35,85.460489,161.605422,49500,43500,160,96,1.6667,51.2763
b100r1,14,14,34,0.779910,6.778394,797,776,150,76,1.9737,0.3952
b100r1,15,14,45,5.095708,147.039708,3825,20243,238,97,2.4536,2.0768
b100r1,16,10,27,94.203458,166.836024,102371,36560,96,71,1.3521,69.6713
b100r1,17,12,37,110.882443,482.312914,74213,98163,149,120,1.2417,89.3013
b100r1,18,10,20,60.424456,94.607464,56500,44500,84,37,2.2703,26.6155
b100r1,19,10,32,0.588392,11.435783,715,2370,116,77,1.5065,0.3906
b100r1,20,10,24,95.687458,288.414291,84500,82500,96,70,1.3714,69.7721
b100r1,21,11,25,87.434932,196.762089,79000,69000,93,57,1.6316,53.5892
b100r1,22,13,42,6.212347,312.027408,5334,39535,181,138,1.3116,4.7365
b100r1,23,14,37,0.666550,9.116356,666,1104,159,83,1.9157,0.3479
b100r1,24,11,36,1.638520,2.092044,1636,570,132,66,2.0000,0.8193
b100r1,25,31,129,345.566122,2228.196180,60500,89000,961,402,2.3905,144.5552
b100r1,26,41,111,648.129863,2869.007551,99000,98500,893,340,2.6265,246.7684
b100r1,27,43,150,51.221025,1523.243007,9155,30710,1040,625,1.6640,30.7819
b100r1,28,44,144,860.154238,1080.540569,63500,57000,1145,614,1.8648,461.2530
b100r1,29,38,148,4.613193,52.264187,892,991,1142,495,2.3071,1.9996
b100r1,30,44,100,241.035525,1172.729474,56717,55168,702,416,1.6875,142.8359
b100r1,31,35,150,1128.180471,4028.033050,128500,114500,1263,702,1.7991,627.0647
b100r1,32,43,102,577.640750,1307.434809,104500,93000,772,432,1.7870,323.2394
b100r1,33,37,122,904.529371,2111.657532,138500,150500,861,500,1.7220,525.2784
b100r1,34,32,117,654.134980,1518.626118,110000,109500,753,539,1.3970,468.2321
b100r1,35,42,133,3.418025,16.669974,551,1179,1059,460,2.3022,1.4847
b100r1,36,31,113,529.313155,4357.512986,129000,145000,640,506,1.2648,418.4882
b100r1,37,41,116,542.328519,3689.007425,107442,112564,939,695,1.3511,401.4040
b100r1,38,42,126,12.337159,531.311679,2960,14088,928,518,1.7915,6.8865
b100r1,39,13,42,2.623120,63.895626,2313,8805,196,145,1.3517,1.9406
b100r1,40,14,45,175.118792,830.509802,88000,104000,227,97,2.3402,74.8305
b100r1,41,12,30,35.263372,318.623130,39250,53744,133,106,1.2547,28.1046
b100r1,42,14,36,49.672025,316.859861,39306,32484,162,141,1.1489,43.2331
b100r1,43,15,45,161.581967,828.122500,94000,111500,227,174,1.3046,123.8558
b100r5,0,13,46,0.099501,0.839158,85,93,182,75,2.4267,0.0410
b100r5,1,14,45,353.412379,1641.122055,225338,233882,193,115,1.6783,210.5825
b100r5,2,13,31,193.864401,900.161642,154500,152000,116,96,1.2083,160.4395
b100r5,3,12,43,706.920037,884.739198,264000,266500,162,100,1.6200,436.3704
b100r5,4,14,47,713.039455,1194.445294,288000,237500,195,118,1.6525,431.4803
b100r5,5,15,39,0.409258,3.562567,323,321,171,86,1.9884,0.2058
b100r5,6,14,46,72.896922,401.664637,47455,52941,202,134,1.5075,48.3574
b100r5,7,12,31,1.299997,11.605926,1484,1546,130,94,1.3830,0.9400
b100r5,8,14,49,69.333445,471.633838,38113,61045,218,159,1.3711,50.5689
b100r5,9,10,23,0.654272,3.281862,1056,973,87,59,1.4746,0.4437
b100r5,10,12,38,303.000445,363.550098,145500,106000,204,80,2.5500,118.8237
b100r5,11,11,36,105.541520,271.726658,72477,69968,129,93,1.3871,76.0881
b100r5,12,14,45,0.639938,4.844813,464,448,199,100,1.9900,0.3216
b100r5,13,12,35,276.539712,252.627955,159500,68500,160,96,1.6667,165.9238
b100r5,14,14,34,0.401345,3.012319,377,336,150,76,1.9737,0.2033
b100r5,15,14,45,0.967870,6.366948,731,884,238,97,2.4536,0.3945
b100r5,16,10,27,53.393885,236.215229,50305,51091,96,71,1.3521,39.4892
b100r5,17,12,37,87.195721,295.914900,56949,59328,149,120,1.2417,70.2247
b100r5,18,10,20,130.759675,131.432775,122500,62500,84,37,2.2703,57.5965
b100r5,19,10,32,0.614048,6.258935,757,1289,116,77,1.5065,0.4076
b100r5,20,10,24,234.389459,713.371746,208000,206500,96,70,1.3714,170.9090
b100r5,21,11,25,143.795857,352.564896,131000,131000,93,57,1.6316,88.1329
b100r5,22,13,42,2.564386,16.811394,2237,2406,181,138,1.3116,1.9552
b100r5,23,14,37,0.109158,0.744048,105,91,159,83,1.9157,0.0570
b100r5,24,11,36,0.257706,0.920607,253,248,132,66,2.0000,0.1289
b100r5,25,31,129,1104.665635,5489.259765,190583,211627,961,402,2.3905,462.0974
b100r5,26,41,111,1518.582032,6273.156951,229000,240000,893,340,2.6265,578.1835
b100r5,27,43,150,8.871130,72.398144,1613,1532,1040,625,1.6640,5.3312
b100r5,28,44,144,1705.482787,2520.996901,143500,137500,1145,614,1.8648,914.5558
b100r5,29,38,148,2.647449,17.722955,522,351,1142,495,2.3071,1.1475
b100r5,30,44,100,188.544083,1176.546758,46196,61985,702,416,1.6875,111.7298
b100r5,31,35,150,3080.024775,11702.490343,378500,323000,1263,702,1.7991,1711.9378
b100r5,32,43,102,1183.606448,3019.441532,230000,220000,772,432,1.7870,662.3290
b100r5,33,37,122,2258.169291,5202.742026,349500,382000,861,500,1.7220,1311.3643
b100r5,34,32,117,1708.345334,3827.832398,293000,285500,753,539,1.3970,1222.8395
b100r5,35,42,133,6.072423,10.957763,1041,795,1059,460,2.3022,2.6377
b100r5,36,31,113,246.329832,2120.282883,59996,74002,640,506,1.2648,194.7545
b100r5,37,41,116,420.418558,2809.037094,85904,94872,939,695,1.3511,311.1724
b100r5,38,42,126,6.960576,70.922155,1701,1871,928,518,1.7915,3.8853
b100r5,39,13,42,0.516368,2.874194,406,401,196,145,1.3517,0.3820
b100r5,40,14,45,456.343038,1986.870953,234500,254500,227,97,2.3402,195.0012
b100r5,41,12,30,14.186042,79.339974,13819,14058,133,106,1.2547,11.3062
b100r5,42,14,36,15.066437,106.243576,11780,11715,162,141,1.1489,13.1134
b100r5,43,15,45,421.378959,2034.155311,244768,277500,227,174,1.3046,322.9953
b10r10,0,13,46,0.008808,0.022758,5,7,182,75,2.4267,0.0036
b10r10,1,14,45,41.220107,52.520587,24980,25592,193,115,1.6783,24.5612
b10r10,2,13,31,38.845880,52.500165,34093,37323,116,96,1.2083,32.1483
b10r10,3,12,43,523.144061,227.777991,247561,254453,162,100,1.6200,322.9284
b10r10,4,14,47,443.652627,254.212589,198771,191748,195,118,1.6525,268.4667
b10r10,5,15,39,0.112361,0.212654,83,95,171,86,1.9884,0.0565
b10r10,6,14,46,21.420030,19.783707,13831,11878,202,134,1.5075,14.2093
b10r10,7,12,31,0.553559,1.036757,601,755,130,94,1.3830,0.4003
b10r10,8,14,49,37.913393,46.225213,20575,25551,218,159,1.3711,27.6524
b10r10,9,10,23,0.271763,0.394703,378,502,87,59,1.4746,0.1843
b10r10,10,12,38,455.142458,260.237715,242500,272000,204,80,2.5500,178.4872
b10r10,11,11,36,27.357458,18.549807,20591,21091,129,93,1.3871,19.7228
b10r10,12,14,45,0.144410,0.325973,100,127,199,100,1.9900,0.0726
b10r10,13,12,35,126.319117,59.395783,77482,79538,160,96,1.6667,75.7915
b10r10,14,14,34,0.086417,0.215539,83,113,150,76,1.9737,0.0438
b10r10,15,14,45,0.242949,0.387927,169,203,238,97,2.4536,0.0990
b10r10,16,10,27,14.973117,19.565200,13935,16074,96,71,1.3521,11.0739
b10r10,17,12,37,21.686205,13.792363,14221,13978,149,120,1.2417,17.4654
b10r10,18,10,20,252.767026,30.763026,240500,76500,84,37,2.2703,111.3379
b10r10,19,10,32,0.770006,2.655197,701,1886,116,77,1.5065,0.5111
b10r10,20,10,24,196.983532,136.459166,171474,181270,96,70,1.3714,143.6338
b10r10,21,11,25,63.876979,45.935475,58534,77770,93,57,1.6316,39.1504
b10r10,22,13,42,1.496238,2.628228,1128,1288,181,138,1.3116,1.1408
b10r10,23,14,37,0.019689,0.030751,16,14,159,83,1.9157,0.0103
b10r10,24,11,36,0.063041,0.185934,52,138,132,66,2.0000,0.0315
b10r10,25,31,129,218.253964,386.765369,37987,49146,961,402,2.3905,91.2987
b10r10,26,41,111,2285.299712,1324.937448,327500,292500,893,340,2.6265,870.1029
b10r10,27,43,150,4.181310,8.607799,650,755,1040,625,1.6640,2.5128
b10r10,28,44,144,2432.899680,906.766579,214000,237500,1145,614,1.8648,1304.6292
b10r10,29,38,148,0.857056,2.097054,155,173,1142,495,2.3071,0.3715
b10r10,30,44,100,45.311399,54.420544,10777,15752,702,416,1.6875,26.8512
b10r10,31,35,150,728.903511,941.446186,94833,99336,1263,702,1.7991,405.1388
b10r10,32,43,102,1688.001993,1031.348257,346000,353500,772,432,1.7870,944.5814
b10r10,33,37,122,1686.586969,941.884190,254040,283409,861,500,1.7220,979.4349
b10r10,34,32,117,1702.304937,993.727319,287120,293680,753,539,1.3970,1218.5158
b10r10,35,42,133,6.643057,3.042417,1160,990,1059,460,2.3022,2.8856
b10r10,36,31,113,89.141731,173.726604,21372,22810,640,506,1.2648,70.4777
b10r10,37,41,116,101.466440,131.701380,21260,29022,939,695,1.3511,75.1003
b10r10,38,42,126,5.730455,15.184818,1220,1965,928,518,1.7915,3.1987
b10r10,39,13,42,0.089639,0.153591,62,94,196,145,1.3517,0.0663
b10r10,40,14,45,113.684053,124.479773,56562,59179,227,97,2.3402,48.5786
b10r10,41,12,30,5.870969,5.568667,5530,4053,133,106,1.2547,4.6791
b10r10,42,14,36,10.003832,13.721079,7695,8591,162,141,1.1489,8.7070
b10r10,43,15,45,68.053894,91.812185,39171,47067,227,174,1.3046,52.1647
b10r1,0,13,46,0.961069,2.229622,873,1149,182,75,2.4267,0.3960
b10r1,1,14,45,178.897371,183.624465,132500,130000,193,115,1.6783,106.5969
b10r1,2,13,31,126.242869,163.855492,120000,131500,116,96,1.2083,104.4769
b10r1,3,12,43,201.511665,86.093572,82500,98000,162,100,1.6200,124.3899
b10r1,4,14,47,252.445614,107.146988,100500,87000,195,118,1.6525,152.7620
b10r1,5,15,39,0.732460,10.034709,631,4979,171,86,1.9884,0.3684
b10r1,6,14,46,84.334629,215.471849,64410,158568,202,134,1.5075,55.9448
b10r1,7,12,31,1.560868,29.868109,1892,24660,130,94,1.3830,1.1286
b10r1,8,14,49,102.013549,222.680238,59925,136496,218,159,1.3711,74.4044
b10r1,9,10,23,1.338454,2.904781,2230,4284,87,59,1.4746,0.9077
b10r1,10,12,38,125.968889,40.542182,60000,48500,204,80,2.5500,49.3996
b10r1,11,11,36,157.183100,91.252271,111000,108500,129,93,1.3871,113.3180
b10r1,12,14,45,1.508465,3.000856,1105,1384,199,100,1.9900,0.7580
b10r1,13,12,35,85.696007,31.630565,49500,43000,160,96,1.6667,51.4176
b10r1,14,14,34,0.780449,3.132816,797,1855,150,76,1.9737,0.3954
b10r1,15,14,45,5.069506,40.885412,3825,29370,238,97,2.4536,2.0661
b10r1,16,10,27,93.457752,37.021303,102371,41223,96,71,1.3521,69.1198
b10r1,17,12,37,110.552350,101.354769,74213,110154,149,120,1.2417,89.0354
b10r1,18,10,20,60.046058,18.503882,56500,45500,84,37,2.2703,26.4489
b10r1,19,10,32,0.573852,5.610694,715,6054,116,77,1.5065,0.3809
b10r1,20,10,24,95.284882,60.989461,84500,84000,96,70,1.3714,69.4786
b10r1,21,11,25,86.966690,36.090406,79000,64000,93,57,1.6316,53.3022
b10r1,22,13,42,6.210952,79.408399,5334,49697,181,138,1.3116,4.7354
b10r1,23,14,37,0.664370,2.863030,666,2022,159,83,1.9157,0.3468
b10r1,24,11,36,1.642206,1.123675,1636,1244,132,66,2.0000,0.8211
b10r1,25,31,129,347.947889,373.998556,60500,82000,961,402,2.3905,145.5516
b10r1,26,41,111,667.746552,422.784974,99000,95000,893,340,2.6265,254.2372
b10r1,27,43,150,52.893154,342.973743,9155,45626,1040,625,1.6640,31.7868
b10r1,28,44,144,897.927149,205.666521,63500,56500,1145,614,1.8648,481.5085
b10r1,29,38,148,4.867783,23.179224,892,2387,1142,495,2.3071,2.1099
b10r1,30,44,100,247.755722,193.113347,56717,59060,702,416,1.6875,146.8182
b10r1,31,35,150,1162.589783,1040.885478,128500,118000,1263,702,1.7991,646.1900
b10r1,32,43,102,610.768930,253.064838,104500,88000,772,432,1.7870,341.7774
b10r1,33,37,122,951.944056,465.331134,138500,144000,861,500,1.7220,552.8130
b10r1,34,32,117,677.948121,380.919971,110000,110500,753,539,1.3970,485.2776
b10r1,35,42,133,3.555237,7.868041,551,2680,1059,460,2.3022,1.5443
b10r1,36,31,113,549.768829,1075.159086,129000,141500,640,506,1.2648,434.6610
b10r1,37,41,116,562.441696,505.937197,107442,107800,939,695,1.3511,416.2907
b10r1,38,42,126,12.729556,110.754595,2960,20837,928,518,1.7915,7.1055
b10r1,39,13,42,2.703705,24.979502,2313,18959,196,145,1.3517,2.0002
b10r1,40,14,45,179.867815,201.982042,88000,118000,227,97,2.3402,76.8598
b10r1,41,12,30,36.475345,76.792857,39250,71920,133,106,1.2547,29.0706
b10r1,42,14,36,51.009950,62.232913,39306,41507,162,141,1.1489,44.3975
b10r1,43,15,45,164.824856,195.076262,94000,116500,227,174,1.3046,126.3415
b10r5,0,13,46,0.105065,0.236804,85,99,182,75,2.4267,0.0433
b10r5,1,14,45,353.413986,525.208147,225338,259141,193,115,1.6783,210.5835
b10r5,2,13,31,180.202532,182.434225,154500,128000,116,96,1.2083,149.1331
b10r5,3,12,43,683.393488,247.893637,264000,264000,162,100,1.6200,421.8478
b10r5,4,14,47,704.350482,298.300413,288000,227000,195,118,1.6525,426.2223
b10r5,5,15,39,0.409917,0.782715,323,357,171,86,1.9884,0.2062
b10r5,6,14,46,72.115410,94.345973,47455,59783,202,134,1.5075,47.8389
b10r5,7,12,31,1.287603,2.339722,1484,1852,130,94,1.3830,0.9310
b10r5,8,14,49,68.379164,124.992622,38113,70943,218,159,1.3711,49.8729
b10r5,9,10,23,0.641336,0.833472,1056,1314,87,59,1.4746,0.4349
b10r5,10,12,38,300.273792,90.189130,145500,106500,204,80,2.5500,117.7544
b10r5,11,11,36,103.737618,63.029261,72477,72142,129,93,1.3871,74.7876
b10r5,12,14,45,0.639352,1.176476,464,486,199,100,1.9900,0.3213
b10r5,13,12,35,276.245176,64.307572,159500,88500,160,96,1.6667,165.7471
b10r5,14,14,34,0.396952,0.784992,377,425,150,76,1.9737,0.2011
b10r5,15,14,45,0.972262,1.226531,731,855,238,97,2.4536,0.3963
b10r5,16,10,27,53.362967,73.997091,50305,60620,96,71,1.3521,39.4664
b10r5,17,12,37,86.920051,61.729507,56949,61897,149,120,1.2417,70.0027
b10r5,18,10,20,130.959364,31.975591,122500,80000,84,37,2.2703,57.6845
b10r5,19,10,32,0.618308,0.948256,757,1005,116,77,1.5065,0.4104
b10r5,20,10,24,234.650916,150.252379,208000,200500,96,70,1.3714,171.0996
b10r5,21,11,25,146.036668,90.421552,131000,161000,93,57,1.6316,89.5063
b10r5,22,13,42,2.614206,4.036161,2237,2586,181,138,1.3116,1.9932
b10r5,23,14,37,0.112767,0.163506,105,103,159,83,1.9157,0.0589
b10r5,24,11,36,0.263680,0.263815,253,278,132,66,2.0000,0.1318
b10r5,25,31,129,1122.212798,1696.107365,190583,239937,961,402,2.3905,469.4376
b10r5,26,41,111,1549.461943,1114.082748,229000,248000,893,340,2.6265,589.9407
b10r5,27,43,150,9.238103,14.494920,1613,1864,1040,625,1.6640,5.5517
b10r5,28,44,144,1780.817896,485.207994,143500,130500,1145,614,1.8648,954.9539
b10r5,29,38,148,2.728557,5.795700,522,550,1142,495,2.3071,1.1827
b10r5,30,44,100,193.529023,229.172353,46196,70382,702,416,1.6875,114.6839
b10r5,31,35,150,3171.850682,2757.847403,378500,305000,1263,702,1.7991,1762.9764
b10r5,32,43,102,1229.879790,681.217692,230000,241500,772,432,1.7870,688.2229
b10r5,33,37,122,2275.466723,1244.016508,349500,388500,861,500,1.7220,1321.4092
b10r5,34,32,117,1726.542643,991.184840,293000,298500,753,539,1.3970,1235.8652
b10r5,35,42,133,6.169472,2.461725,1041,862,1059,460,2.3022,2.6798
b10r5,36,31,113,248.903446,561.035002,59996,75850,640,506,1.2648,196.7893
b10r5,37,41,116,424.541498,425.374507,85904,94563,939,695,1.3511,314.2240
b10r5,38,42,126,7.050329,14.186500,1701,2631,928,518,1.7915,3.9354
b10r5,39,13,42,0.516571,0.559887,406,382,196,145,1.3517,0.3822
b10r5,40,14,45,462.419378,477.517162,234500,291856,227,97,2.3402,197.5977
b10r5,41,12,30,14.507655,21.454862,13819,17349,133,106,1.2547,11.5625
b10r5,42,14,36,15.470121,20.859751,11780,13015,162,141,1.1489,13.4647
b10r5,43,15,45,429.101602,566.613160,244768,295442,227,174,1.3046,328.9149
b1r10,0,13,46,0.008753,0.036953,5,16,182,75,2.4267,0.0036
b1r10,1,14,45,41.355646,88.105385,24980,55579,193,115,1.6783,24.6420
b1r10,2,13,31,39.437390,77.008204,34093,76031,116,96,1.2083,32.6378
b1r10,3,12,43,526.773420,262.679045,247561,393726,162,100,1.6200,325.1688
b1r10,4,14,47,448.854466,263.241560,198771,273211,195,118,1.6525,271.6145
b1r10,5,15,39,0.114697,0.428451,83,308,171,86,1.9884,0.0577
b1r10,6,14,46,21.499174,27.450765,13831,25610,202,134,1.5075,14.2618
b1r10,7,12,31,0.557958,0.957310,601,1338,130,94,1.3830,0.4034
b1r10,8,14,49,38.176827,33.885170,20575,27961,218,159,1.3711,27.8446
b1r10,9,10,23,0.271425,0.331021,378,698,87,59,1.4746,0.1841
b1r10,10,12,38,458.053279,249.777516,242500,357500,204,80,2.5500,179.6287
b1r10,11,11,36,27.591267,13.099305,20591,22894,129,93,1.3871,19.8914
b1r10,12,14,45,0.146359,0.406546,100,235,199,100,1.9900,0.0735
b1r10,13,12,35,127.027740,52.134262,77482,119277,160,96,1.6667,76.2166
b1r10,14,14,34,0.086973,0.270842,83,230,150,76,1.9737,0.0441
b1r10,15,14,45,0.246862,0.505938,169,354,238,97,2.4536,0.1006
b1r10,16,10,27,15.092241,26.173375,13935,29876,96,71,1.3521,11.1620
b1r10,17,12,37,21.777066,10.015349,14221,17179,149,120,1.2417,17.5386
b1r10,18,10,20,254.765463,35.355661,240500,156500,84,37,2.2703,112.2181
b1r10,19,10,32,0.779778,1.507701,701,1717,116,77,1.5065,0.5176
b1r10,20,10,24,198.338202,132.882238,171474,278767,96,70,1.3714,144.6216
b1r10,21,11,25,64.618826,89.122381,58534,238939,93,57,1.6316,39.6051
b1r10,22,13,42,1.497871,2.049241,1128,1377,181,138,1.3116,1.1420
b1r10,23,14,37,0.019849,0.305393,16,206,159,83,1.9157,0.0104
b1r10,24,11,36,0.063382,0.115190,52,114,132,66,2.0000,0.0317
b1r10,25,31,129,219.201145,557.447094,37987,91585,961,402,2.3905,91.6950
b1r10,26,41,111,2293.781383,1122.328945,327500,500000,893,340,2.6265,873.3322
b1r10,27,43,150,4.206536,10.026675,650,1314,1040,625,1.6640,2.5280
b1r10,28,44,144,2438.041039,673.481269,214000,310000,1145,614,1.8648,1307.3862
b1r10,30,44,100,45.507999,70.573919,10777,41018,702,416,1.6875,26.9677
b1r10,31,35,150,731.820883,846.192140,94833,146754,1263,702,1.7991,406.7603
b1r10,32,43,102,1700.446358,869.090826,346000,500000,772,432,1.7870,951.5451
b1r10,33,37,122,1699.012137,912.933266,254040,414650,861,500,1.7220,986.6505
b1r10,34,32,117,1708.708073,924.959498,287120,394024,753,539,1.3970,1223.0991
b1r10,35,42,133,6.869607,9.768473,1160,4952,1059,460,2.3022,2.9840
b1r10,36,31,113,91.861025,177.673159,21372,33178,640,506,1.2648,72.6276
b1r10,37,41,116,102.021772,70.812731,21260,37684,939,695,1.3511,75.5113
b1r10,38,42,126,5.790164,15.301591,1220,4208,928,518,1.7915,3.2320
b1r10,39,13,42,0.094645,0.466585,62,457,196,145,1.3517,0.0700
b1r10,40,14,45,115.527564,143.664097,56562,98795,227,97,2.3402,49.3664
b1r10,41,12,30,6.013343,21.247726,5530,22740,133,106,1.2547,4.7926
b1r10,42,14,36,10.220383,17.212096,7695,20984,162,141,1.1489,8.8955
b1r10,43,15,45,68.819398,93.392109,39171,68989,227,174,1.3046,52.7514
b1r1,0,13,46,0.926566,13.493989,873,11132,182,75,2.4267,0.3818
b1r1,1,14,45,175.157625,123.337562,132500,153000,193,115,1.6783,104.3685
b1r1,2,13,31,121.248385,120.883167,120000,154500,116,96,1.2083,100.3435
b1r1,3,12,43,201.712433,71.586631,82500,109500,162,100,1.6200,124.5138
b1r1,4,14,47,248.931215,82.619149,100500,89000,195,118,1.6525,150.6353
b1r1,5,15,39,0.934544,32.465576,631,23994,171,86,1.9884,0.4700
b1r1,6,14,46,105.698613,220.510645,64410,245000,202,134,1.5075,70.1169
b1r1,7,12,31,1.958901,48.544147,1892,66656,130,94,1.3830,1.4164
b1r1,8,14,49,105.061943,210.271650,59925,227000,218,159,1.3711,76.6277
b1r1,9,10,23,1.280153,6.995699,2230,20588,87,59,1.4746,0.8681
b1r1,10,12,38,123.311879,24.930879,60000,45000,204,80,2.5500,48.3576
b1r1,11,11,36,157.244978,46.674895,111000,89000,129,93,1.3871,113.3627
b1r1,12,14,45,1.511216,13.275392,1105,9930,199,100,1.9900,0.7594
b1r1,13,12,35,87.846280,19.576860,49500,45000,160,96,1.6667,52.7078
b1r1,14,14,34,0.817447,5.287508,797,5429,150,76,1.9737,0.4142
b1r1,15,14,45,5.242117,85.388160,3825,104395,238,97,2.4536,2.1365
b1r1,16,10,27,97.297677,37.549947,102371,71000,96,71,1.3521,71.9597
b1r1,17,12,37,114.566075,77.729799,74213,151000,149,120,1.2417,92.2680
b1r1,18,10,20,62.498131,10.675542,56500,46000,84,37,2.2703,27.5289
b1r1,19,10,32,0.601138,23.498923,715,44020,116,77,1.5065,0.3990
b1r1,20,10,24,99.241630,40.301264,84500,89500,96,70,1.3714,72.3637
b1r1,21,11,25,90.566715,22.868214,79000,69000,93,57,1.6316,55.5086
b1r1,22,13,42,6.455938,139.023294,5334,139673,181,138,1.3116,4.9222
b1r1,23,14,37,0.693752,11.790795,666,16183,159,83,1.9157,0.3621
b1r1,24,11,36,1.732504,4.127083,1636,6529,132,66,2.0000,0.8663
b1r1,25,31,129,359.499343,233.680080,60500,92000,961,402,2.3905,150.3837
b1r1,26,41,111,690.838868,173.972697,99000,99500,893,340,2.6265,263.0294
b1r1,27,43,150,55.070163,544.349655,9155,168835,1040,625,1.6640,33.0950
b1r1,28,44,144,921.744366,115.472182,63500,55000,1145,614,1.8648,494.2804
b1r1,30,44,100,255.169008,131.477160,56717,91000,702,416,1.6875,151.2113
b1r1,31,35,150,1203.004474,758.110592,128500,128000,1263,702,1.7991,668.6533
b1r1,32,43,102,633.352115,138.869910,104500,87500,772,432,1.7870,354.4147
b1r1,33,37,122,979.495160,327.834199,138500,158500,861,500,1.7220,568.8125
b1r1,34,32,117,702.374748,291.607806,110000,125500,753,539,1.3970,502.7623
b1r1,35,42,133,3.615191,27.348581,551,15526,1059,460,2.3022,1.5703
b1r1,36,31,113,560.360913,888.035027,129000,172000,640,506,1.2648,443.0353
b1r1,37,41,116,573.092313,190.816348,107442,109500,939,695,1.3511,424.1738
b1r1,38,42,126,13.069490,218.445987,2960,106979,928,518,1.7915,7.2953
b1r1,39,13,42,2.799886,66.564796,2313,92381,196,145,1.3517,2.0713
b1r1,40,14,45,185.271842,142.575457,88000,135000,227,97,2.3402,79.1690
b1r1,41,12,30,37.752773,75.844555,39250,131000,133,106,1.2547,30.0887
b1r1,42,14,36,52.640766,59.810225,39306,93000,162,141,1.1489,45.8170
b1r1,43,15,45,170.341631,151.918768,94000,140000,227,174,1.3046,130.5702
b1r5,0,13,46,0.102447,0.315251,85,201,182,75,2.4267,0.0422
b1r5,1,14,45,356.883371,604.278075,225338,396000,193,115,1.6783,212.6507
b1r5,2,13,31,181.342143,283.352704,154500,286500,116,96,1.2083,150.0763
b1r5,3,12,43,691.993887,217.666626,264000,312000,162,100,1.6200,427.1567
b1r5,4,14,47,706.427723,252.497126,288000,268000,195,118,1.6525,427.4793
b1r5,5,15,39,0.408933,1.319227,323,1059,171,86,1.9884,0.2057
b1r5,6,14,46,72.562656,149.141195,47455,155413,202,134,1.5075,48.1356
b1r5,7,12,31,1.302718,2.273517,1484,3574,130,94,1.3830,0.9420
b1r5,8,14,49,69.046554,191.962614,38113,168364,218,159,1.3711,50.3596
b1r5,9,10,23,0.649245,0.684434,1056,1926,87,59,1.4746,0.4403
b1r5,10,12,38,301.105037,74.772361,145500,128500,204,80,2.5500,118.0804
b1r5,11,11,36,104.476845,57.763081,72477,104675,129,93,1.3871,75.3205
b1r5,12,14,45,0.645407,1.308282,464,824,199,100,1.9900,0.3243
b1r5,13,12,35,276.862311,84.872714,159500,201500,160,96,1.6667,166.1174
b1r5,14,14,34,0.398381,1.021495,377,932,150,76,1.9737,0.2018
b1r5,15,14,45,0.981123,1.432534,731,1713,238,97,2.4536,0.3999
b1r5,16,10,27,53.472691,132.056490,50305,152882,96,71,1.3521,39.5475
b1r5,17,12,37,87.164347,57.251629,56949,98013,149,120,1.2417,70.1995
b1r5,18,10,20,131.200813,19.325263,122500,86000,84,37,2.2703,57.7908
b1r5,19,10,32,0.621982,1.550267,757,2847,116,77,1.5065,0.4129
b1r5,20,10,24,236.043348,110.664666,208000,234000,96,70,1.3714,172.1149
b1r5,21,11,25,147.396397,92.243349,131000,277500,93,57,1.6316,90.3397
b1r5,22,13,42,2.640444,3.208711,2237,3212,181,138,1.3116,2.0132
b1r5,23,14,37,0.114952,0.898852,105,1083,159,83,1.9157,0.0600
b1r5,24,11,36,0.262762,0.477877,253,717,132,66,2.0000,0.1314
b1r5,25,31,129,1126.507030,2175.040871,190583,429500,961,402,2.3905,471.2340
b1r5,26,41,111,1547.738847,645.496160,229000,303000,893,340,2.6265,589.2847
b1r5,27,43,150,9.272888,13.643526,1613,3791,1040,625,1.6640,5.5726
b1r5,28,44,144,1781.214538,339.567443,143500,166000,1145,614,1.8648,955.1666
b1r5,30,44,100,194.478753,280.062545,46196,180591,702,416,1.6875,115.2467
b1r5,31,35,150,3174.939419,2138.890752,378500,373500,1263,702,1.7991,1764.6932
b1r5,32,43,102,1237.603048,522.047461,230000,313500,772,432,1.7870,692.5447
b1r5,33,37,122,2290.079063,935.821040,349500,446500,861,500,1.7220,1329.8949
b1r5,34,32,117,1732.352606,769.705972,293000,343500,753,539,1.3970,1240.0240
b1r5,35,42,133,6.181451,7.366425,1041,4267,1059,460,2.3022,2.6850
b1r5,36,31,113,250.430047,620.535721,59996,121649,640,506,1.2648,197.9963
b1r5,37,41,116,426.888880,247.735721,85904,136356,939,695,1.3511,315.9614
b1r5,38,42,126,7.087024,10.246564,1701,5017,928,518,1.7915,3.9559
b1r5,39,13,42,0.520407,1.374430,406,1654,196,145,1.3517,0.3850
b1r5,40,14,45,464.361365,396.894401,234500,394000,227,97,2.3402,198.4275
b1r5,41,12,30,14.512836,39.215419,13819,50354,133,106,1.2547,11.5666
b1r5,42,14,36,15.309892,26.874819,11780,33555,162,141,1.1489,13.3253
b1r5,43,15,45,429.481916,557.925987,244768,413000,227,174,1.3046,329.2064
rw_b100r10,0,7,26,0.014772,0.082162,15,14,96,54,1.7778,0.0083
rw_b100r10,1,8,29,0.629458,2.432973,605,559,100,77,1.2987,0.4847
rw_b100r10,2,11,43,616.799224,715.150971,241000,228500,163,61,2.6721,230.8267
rw_b100r10,4,12,37,674.746451,1879.788119,231899,235554,147,97,1.5155,445.2409
rw_b100r10,6,45,45,3685.448570,81508.650485,287737,295979,1034,45,22.9778,160.3919
rw_b100r10,8,9,9,0.021610,2.386040,52,324,44,9,4.8889,0.0044
rw_b100r10,9,27,27,0.108680,16.453901,62,359,271,57,4.7544,0.0229
rw_b100r10,12,22,22,8.529687,493.551853,4249,6934,249,24,10.3750,0.8221
rw_b100r10,14,25,25,136.653709,3419.179865,57657,68084,246,35,7.0286,19.4426
rw_b100r10,15,10,10,0.044245,3.674347,92,390,54,10,5.4000,0.0082
rw_b100r10,17,34,34,0.047252,70.299165,11,252,594,34,17.4706,0.0027
rw_b100r10,18,22,22,8.552957,496.323006,4249,6934,249,24,10.3750,0.8244
rw_b100r10,19,23,23,0.042976,12.485227,21,170,241,33,7.3030,0.0059
rw_b100r10,20,30,30,349.792408,1780.669193,91500,93500,464,30,15.4667,22.6159
rw_b100r10,21,16,16,0.087223,8.356213,78,253,135,16,8.4375,0.0103
rw_b100r10,22,27,27,1.523300,51.389722,828,1507,187,59,3.1695,0.4806
rw_b100r1,0,7,26,5.954831,23.040204,7178,4266,96,54,1.7778,3.3496
rw_b100r1,1,8,29,2.802300,30.584084,2865,7394,100,77,1.2987,2.1578
rw_b100r1,2,11,43,127.202109,107.041556,40500,37500,163,61,2.6721,47.6032
rw_b100r1,4,12,37,337.221201,926.204255,110000,108500,147,97,1.5155,222.5201
rw_b100r1,5,18,18,0.131102,7.078832,74,166,138,25,5.5200,0.0238
rw_b100r1,6,45,45,1066.525837,26779.668305,82500,82000,1034,45,22.9778,46.4155
rw_b100r1,8,9,9,0.008357,0.530137,20,69,44,9,4.8889,0.0017
rw_b100r1,9,27,27,0.097835,6.099580,55,127,271,57,4.7544,0.0206
rw_b100r1,11,21,21,0.015782,0.316185,14,31,138,48,2.8750,0.0055
rw_b100r1,12,22,22,33.389957,1417.719799,16172,18766,249,24,10.3750,3.2183
rw_b100r1,14,25,25,242.508175,6745.971745,99411,109221,246,35,7.0286,34.5032
rw_b100r1,15,10,10,0.058850,1.785043,127,175,54,10,5.4000,0.0109
rw_b100r1,17,34,34,0.006303,2.940838,2,10,594,34,17.4706,0.0004
rw_b100r1,18,22,22,32.692759,1419.776873,16172,18766,249,24,10.3750,3.1511
rw_b100r1,19,23,23,0.003702,2.346497,2,30,241,33,7.3030,0.0005
rw_b100r1,20,30,30,151.777624,773.532236,38500,38500,464,30,15.4667,9.8132
rw_b100r1,21,16,16,0.026810,2.600904,24,75,135,16,8.4375,0.0032
rw_b100r1,22,27,27,14.334554,324.514133,7986,8968,187,59,3.1695,4.5227
rw_b100r5,0,7,26,0.137219,0.806537,153,140,96,54,1.7778,0.0772
rw_b100r5,1,8,29,1.652588,6.787005,1636,1606,100,77,1.2987,1.2725
rw_b100r5,2,11,43,320.525801,239.608650,121500,81500,163,61,2.6721,119.9514
rw_b100r5,4,12,37,960.822052,2629.676997,330000,320500,147,97,1.5155,634.0118
rw_b100r5,5,18,18,0.186336,12.338719,107,294,138,25,5.5200,0.0338
rw_b100r5,6,45,45,3020.685395,65861.550322,237000,231500,1034,45,22.9778,131.4612
rw_b100r5,8,9,9,0.015857,1.515791,38,205,44,9,4.8889,0.0032
rw_b100r5,9,27,27,0.161673,14.903426,91,328,271,57,4.7544,0.0340
rw_b100r5,11,21,21,0.033019,0.761841,30,77,138,48,2.8750,0.0115
rw_b100r5,12,22,22,26.908944,1274.575805,13255,17556,249,24,10.3750,2.5936
rw_b100r5,14,25,25,348.626112,8716.951023,143675,161271,246,35,7.0286,49.6013
rw_b100r5,15,10,10,0.070897,2.971368,150,304,54,10,5.4000,0.0131
rw_b100r5,17,34,34,0.052867,53.020531,12,191,594,34,17.4706,0.0030
rw_b100r5,18,22,22,26.768702,1270.572250,13255,17556,249,24,10.3750,2.5801
rw_b100r5,19,23,23,0.026408,6.588474,13,86,241,33,7.3030,0.0036
rw_b100r5,20,30,30,246.014332,1543.796330,64000,79000,464,30,15.4667,15.9061
rw_b100r5,21,16,16,0.066403,6.078543,58,181,135,16,8.4375,0.0079
rw_b100r5,22,27,27,8.039012,186.803661,4425,5326,187,59,3.1695,2.5364
rw_b10r10,0,7,26,0.014486,0.039710,15,25,96,54,1.7778,0.0081
rw_b10r10,1,8,29,0.620871,0.587347,605,542,100,77,1.2987,0.4781
rw_b10r10,2,11,43,611.284945,212.519355,241000,218000,163,61,2.6721,228.7631
rw_b10r10,4,12,37,670.325167,406.465671,231899,263823,147,97,1.5155,442.3234
rw_b10r10,5,18,18,0.187625,0.037391,106,8,138,25,5.5200,0.0340
rw_b10r10,6,45,45,3680.734254,11009.422231,287737,298500,1034,45,22.9778,160.1867
rw_b10r10,8,9,9,0.031313,2.049798,52,1833,44,9,4.8889,0.0064
rw_b10r10,12,22,22,11.222135,310.400630,4249,30955,249,24,10.3750,1.0817
rw_b10r10,14,25,25,181.834464,839.370839,57657,116884,246,35,7.0286,25.8708
rw_b10r10,15,10,10,0.059755,2.619391,92,1839,54,10,5.4000,0.0111
rw_b10r10,17,34,34,0.064324,121.692991,11,3257,594,34,17.4706,0.0037
rw_b10r10,18,22,22,11.221683,312.481443,4249,30955,249,24,10.3750,1.0816
rw_b10r10,20,30,30,449.476994,290.757575,91500,98000,464,30,15.4667,29.0610
rw_b10r10,21,16,16,0.112600,6.457539,78,1382,135,16,8.4375,0.0133
rw_b10r10,22,27,27,2.020907,26.565467,828,4958,187,59,3.1695,0.6376
rw_b10r1,0,7,26,5.845944,7.582548,7178,7213,96,54,1.7778,3.2883
rw_b10r1,1,8,29,2.771325,11.526996,2865,11237,100,77,1.2987,2.1339
rw_b10r1,2,11,43,124.717710,24.788027,40500,34000,163,61,2.6721,46.6735
rw_b10r1,4,12,37,331.846609,164.717236,110000,103000,147,97,1.5155,218.9736
rw_b10r1,5,18,18,0.132271,4.692473,74,1023,138,25,5.5200,0.0240
rw_b10r1,6,45,45,1070.569481,2907.375734,82500,73000,1034,45,22.9778,46.5915
rw_b10r1,8,9,9,0.011710,0.525655,20,447,44,9,4.8889,0.0024
rw_b10r1,12,22,22,43.399066,396.383077,16172,37648,249,24,10.3750,4.1830
rw_b10r1,14,25,25,317.786610,1108.369039,99411,126329,246,35,7.0286,45.2135
rw_b10r1,15,10,10,0.079881,1.329013,127,900,54,10,5.4000,0.0148
rw_b10r1,17,34,34,0.008478,3.854352,2,98,594,34,17.4706,0.0005
rw_b10r1,18,22,22,43.313503,395.644833,16172,37648,249,24,10.3750,4.1748
rw_b10r1,20,30,30,195.261684,114.804594,38500,38000,464,30,15.4667,12.6247
rw_b10r1,21,16,16,0.036151,2.174972,24,435,135,16,8.4375,0.0043
rw_b10r1,22,27,27,19.139567,90.608650,7986,16541,187,59,3.1695,6.0387
rw_b10r5,0,7,26,0.134101,0.290382,153,219,96,54,1.7778,0.0754
rw_b10r5,1,8,29,1.632457,1.724182,1636,1617,100,77,1.2987,1.2570
rw_b10r5,2,11,43,319.520864,51.593572,121500,69000,163,61,2.6721,119.5753
rw_b10r5,4,12,37,957.635348,501.979351,330000,319500,147,97,1.5155,631.9090
rw_b10r5,5,18,18,0.186373,9.657875,107,2154,138,25,5.5200,0.0338
rw_b10r5,6,45,45,3020.246584,7845.542747,237000,209500,1034,45,22.9778,131.4421
rw_b10r5,8,9,9,0.021278,1.405598,38,1258,44,9,4.8889,0.0044
rw_b10r5,12,22,22,35.113229,548.425191,13255,53687,249,24,10.3750,3.3844
rw_b10r5,14,25,25,449.493539,1642.247260,143675,217239,246,35,7.0286,63.9523
rw_b10r5,15,10,10,0.094557,2.970749,150,2081,54,10,5.4000,0.0175
rw_b10r5,17,34,34,0.066748,86.522173,12,2376,594,34,17.4706,0.0038
rw_b10r5,18,22,22,34.639707,544.103903,13255,53687,249,24,10.3750,3.3388
rw_b10r5,20,30,30,312.024803,198.226578,64000,69000,464,30,15.4667,20.1740
rw_b10r5,21,16,16,0.085411,5.890667,58,1244,135,16,8.4375,0.0101
rw_b10r5,22,27,27,10.665300,71.564317,4425,13370,187,59,3.1695,3.3650
rw_b1r10,0,7,26,0.014756,0.048470,15,40,96,54,1.7778,0.0083
rw_b1r10,1,8,29,0.637173,0.345014,605,447,100,77,1.2987,0.4906
rw_b1r10,2,11,43,622.396030,188.716970,241000,250000,163,61,2.6721,232.9212
rw_b1r10,4,12,37,682.815690,447.634934,231899,500000,147,97,1.5155,450.5655
rw_b1r10,6,45,45,3745.756818,1637.736237,287737,387500,1034,45,22.9778,163.0165
rw_b1r10,12,22,22,11.650151,332.307449,4249,269887,249,24,10.3750,1.1229
rw_b1r10,14,25,25,187.392186,482.264751,57657,500000,246,35,7.0286,26.6615
rw_b1r10,15,10,10,0.061687,3.916965,92,16794,54,10,5.4000,0.0114
rw_b1r10,18,22,22,11.484414,330.091613,4249,269887,249,24,10.3750,1.1069
rw_b1r10,20,30,30,458.497247,55.191505,91500,102500,464,30,15.4667,29.6442
rw_b1r10,22,27,27,2.067236,38.597116,828,41363,187,59,3.1695,0.6522
rw_b1r1,0,7,26,5.840268,17.246258,7178,28097,96,54,1.7778,3.2852
rw_b1r1,1,8,29,2.745479,28.950902,2865,40190,100,77,1.2987,2.1140
rw_b1r1,2,11,43,124.480441,14.717556,40500,29000,163,61,2.6721,46.5847
rw_b1r1,4,12,37,329.513633,97.530034,110000,111500,147,97,1.5155,217.4342
rw_b1r1,6,45,45,1061.981193,278.602492,82500,64500,1034,45,22.9778,46.2178
rw_b1r1,12,22,22,43.054855,274.345970,16172,222500,249,24,10.3750,4.1499
rw_b1r1,14,25,25,316.327185,194.436265,99411,178500,246,35,7.0286,45.0059
rw_b1r1,15,10,10,0.079418,1.840721,127,7993,54,10,5.4000,0.0147
rw_b1r1,18,22,22,43.187268,274.480164,16172,222500,249,24,10.3750,4.1626
rw_b1r1,20,30,30,194.772551,20.579005,38500,38000,464,30,15.4667,12.5931
rw_b1r1,22,27,27,18.991055,86.495733,7986,93474,187,59,3.1695,5.9918
rw_b1r5,0,7,26,0.135645,0.323235,153,371,96,54,1.7778,0.0763
rw_b1r5,1,8,29,1.625292,1.107107,1636,1499,100,77,1.2987,1.2515
rw_b1r5,2,11,43,318.910996,40.463233,121500,77000,163,61,2.6721,119.3471
rw_b1r5,4,12,37,977.076397,378.883168,330000,421500,147,97,1.5155,644.7375
rw_b1r5,6,45,45,3074.008051,1005.434758,237000,235500,1034,45,22.9778,133.7818
rw_b1r5,12,22,22,36.519847,524.255835,13255,419084,249,24,10.3750,3.5200
rw_b1r5,14,25,25,469.276512,509.127719,143675,500000,246,35,7.0286,66.7670
rw_b1r5,15,10,10,0.099160,5.265543,150,22284,54,10,5.4000,0.0184
rw_b1r5,18,22,22,36.264436,520.562505,13255,419084,249,24,10.3750,3.4954
rw_b1r5,20,30,30,324.118183,37.094572,64000,68500,464,30,15.4667,20.9559
rw_b1r5,22,27,27,10.938444,93.731527,4425,100395,187,59,3.1695,3.4512
