source,network_id,n_controls,total_Q,runtime_exact_s,runtime_stoch_s,iters_exact,iters_stoch
b100r10,0,13,46,0.008702,0.069354,5,6
b100r10,1,14,45,50.762346,241.319850,24980,26780
b100r10,2,13,31,48.196333,201.021681,34093,37069
b100r10,3,12,43,586.530973,1056.988549,247561,248361
b100r10,4,14,47,563.716942,1211.858448,198771,184581
b100r10,5,15,39,0.138856,1.193539,83,84
b100r10,6,14,46,26.284119,149.679198,13831,14960
b100r10,7,12,31,0.691224,5.726708,601,591
b100r10,8,14,49,45.980557,256.371211,20575,25439
b100r10,9,10,23,0.333013,1.881217,378,357
b100r10,10,12,38,550.522963,1137.294354,242500,251000
b100r10,11,11,36,33.631323,109.480620,20591,21632
b100r10,12,14,45,0.177226,1.498556,100,105
b100r10,13,12,35,153.192690,371.664123,77482,77156
b100r10,14,14,34,0.109315,0.910145,83,75
b100r10,15,14,45,0.300002,1.891814,169,191
b100r10,16,10,27,18.269413,64.754290,13935,10920
b100r10,17,12,37,26.410988,103.269991,14221,15929
b100r10,18,10,20,306.745896,228.778913,240500,82000
b100r10,19,10,32,0.952219,7.429720,701,1080
b100r10,20,10,24,238.802558,783.209793,171474,171921
b100r10,21,11,25,77.800079,205.214073,58534,58912
b100r10,22,13,42,1.830737,11.075132,1128,1119
b100r10,23,14,37,0.025145,0.164930,16,14
b100r10,24,11,36,0.078940,0.278920,52,53
b100r10,25,31,129,263.110333,1741.072418,37987,48436
b100r10,26,41,111,2721.900847,7038.049641,327500,256000
b100r10,27,43,150,4.111012,32.337184,650,621
b100r10,28,44,144,2300.575879,4312.852458,214000,231500
b100r10,29,38,148,0.830711,5.419471,155,96
b100r10,30,44,100,43.808084,220.906402,10777,11666
b100r10,31,35,150,702.262643,3272.809202,94833,94627
b100r10,32,43,102,1634.777892,4322.901732,346000,319000
b100r10,33,37,122,1656.368622,3746.294534,254040,272190
b100r10,34,32,117,1651.225855,3771.051623,287120,284113
b100r10,35,42,133,6.629654,12.701002,1160,887
b100r10,36,31,113,88.688189,867.251882,21372,28891
b100r10,37,41,116,101.155765,827.090487,21260,27902
b100r10,38,42,126,5.749170,58.226072,1220,1253
b100r10,39,13,42,0.090652,0.484357,62,66
b100r10,40,14,45,114.467012,391.680920,56562,48341
b100r10,41,12,30,5.928136,26.427995,5530,4591
b100r10,42,14,36,10.066003,89.524819,7695,9663
b100r10,43,15,45,68.428116,363.753938,39171,45915
b100r1,0,13,46,0.977147,4.276106,873,499
b100r1,1,14,45,181.875783,871.038857,132500,132500
b100r1,2,13,31,129.530893,798.019025,120000,139000
b100r1,3,12,43,214.754414,326.036970,82500,97000
b100r1,4,14,47,267.462239,434.149353,100500,86000
b100r1,5,15,39,0.785885,30.177182,631,2604
b100r1,6,14,46,90.617606,1066.862757,64410,139803
b100r1,7,12,31,1.618899,136.738339,1892,18258
b100r1,8,14,49,103.991549,972.333596,59925,123294
b100r1,9,10,23,1.339053,9.043043,2230,2448
b100r1,10,12,38,125.769938,161.589177,60000,47500
b100r1,11,11,36,156.577226,439.434119,111000,112500
b100r1,12,14,45,1.514188,10.779950,1105,1022
b100r1,13,12,35,85.460489,161.605422,49500,43500
b100r1,14,14,34,0.779910,6.778394,797,776
b100r1,15,14,45,5.095708,147.039708,3825,20243
b100r1,16,10,27,94.203458,166.836024,102371,36560
b100r1,17,12,37,110.882443,482.312914,74213,98163
b100r1,18,10,20,60.424456,94.607464,56500,44500
b100r1,19,10,32,0.588392,11.435783,715,2370
b100r1,20,10,24,95.687458,288.414291,84500,82500
b100r1,21,11,25,87.434932,196.762089,79000,69000
b100r1,22,13,42,6.212347,312.027408,5334,39535
b100r1,23,14,37,0.666550,9.116356,666,1104
b100r1,24,11,36,1.638520,2.092044,1636,570
b100r1,25,31,129,345.566122,2228.196180,60500,89000
b100r1,26,41,111,648.129863,2869.007551,99000,98500
b100r1,27,43,150,51.221025,1523.243007,9155,30710
b100r1,28,44,144,860.154238,1080.540569,63500,57000
b100r1,29,38,148,4.613193,52.264187,892,991
b100r1,30,44,100,241.035525,1172.729474,56717,55168
b100r1,31,35,150,1128.180471,4028.033050,128500,114500
b100r1,32,43,102,577.640750,1307.434809,104500,93000
b100r1,33,37,122,904.529371,2111.657532,138500,150500
b100r1,34,32,117,654.134980,1518.626118,110000,109500
b100r1,35,42,133,3.418025,16.669974,551,1179
b100r1,36,31,113,529.313155,4357.512986,129000,145000
b100r1,37,41,116,542.328519,3689.007425,107442,112564
b100r1,38,42,126,12.337159,531.311679,2960,14088
b100r1,39,13,42,2.623120,63.895626,2313,8805
b100r1,40,14,45,175.118792,830.509802,88000,104000
b100r1,41,12,30,35.263372,318.623130,39250,53744
b100r1,42,14,36,49.672025,316.859861,39306,32484
b100r1,43,15,45,161.581967,828.122500,94000,111500
b100r5,0,13,46,0.099501,0.839158,85,93
b100r5,1,14,45,353.412379,1641.122055,225338,233882
b100r5,2,13,31,193.864401,900.161642,154500,152000
b100r5,3,12,43,706.920037,884.739198,264000,266500
b100r5,4,14,47,713.039455,1194.445294,288000,237500
b100r5,5,15,39,0.409258,3.562567,323,321
b100r5,6,14,46,72.896922,401.664637,47455,52941
b100r5,7,12,31,1.299997,11.605926,1484,1546
b100r5,8,14,49,69.333445,471.633838,38113,61045
b100r5,9,10,23,0.654272,3.281862,1056,973
b100r5,10,12,38,303.000445,363.550098,145500,106000
b100r5,11,11,36,105.541520,271.726658,72477,69968
b100r5,12,14,45,0.639938,4.844813,464,448
b100r5,13,12,35,276.539712,252.627955,159500,68500
b100r5,14,14,34,0.401345,3.012319,377,336
b100r5,15,14,45,0.967870,6.366948,731,884
b100r5,16,10,27,53.393885,236.215229,50305,51091
b100r5,17,12,37,87.195721,295.914900,56949,59328
b100r5,18,10,20,130.759675,131.432775,122500,62500
b100r5,19,10,32,0.614048,6.258935,757,1289
b100r5,20,10,24,234.389459,713.371746,208000,206500
b100r5,21,11,25,143.795857,352.564896,131000,131000
b100r5,22,13,42,2.564386,16.811394,2237,2406
b100r5,23,14,37,0.109158,0.744048,105,91
b100r5,24,11,36,0.257706,0.920607,253,248
b100r5,25,31,129,1104.665635,5489.259765,190583,211627
b100r5,26,41,111,1518.582032,6273.156951,229000,240000
b100r5,27,43,150,8.871130,72.398144,1613,1532
b100r5,28,44,144,1705.482787,2520.996901,143500,137500
b100r5,29,38,148,2.647449,17.722955,522,351
b100r5,30,44,100,188.544083,1176.546758,46196,61985
b100r5,31,35,150,3080.024775,11702.490343,378500,323000
b100r5,32,43,102,1183.606448,3019.441532,230000,220000
b100r5,33,37,122,2258.169291,5202.742026,349500,382000
b100r5,34,32,117,1708.345334,3827.832398,293000,285500
b100r5,35,42,133,6.072423,10.957763,1041,795
b100r5,36,31,113,246.329832,2120.282883,59996,74002
b100r5,37,41,116,420.418558,2809.037094,85904,94872
b100r5,38,42,126,6.960576,70.922155,1701,1871
b100r5,39,13,42,0.516368,2.874194,406,401
b100r5,40,14,45,456.343038,1986.870953,234500,254500
b100r5,41,12,30,14.186042,79.339974,13819,14058
b100r5,42,14,36,15.066437,106.243576,11780,11715
b100r5,43,15,45,421.378959,2034.155311,244768,277500
b10r10,0,13,46,0.008808,0.022758,5,7
b10r10,1,14,45,41.220107,52.520587,24980,25592
b10r10,2,13,31,38.845880,52.500165,34093,37323
b10r10,3,12,43,523.144061,227.777991,247561,254453
b10r10,4,14,47,443.652627,254.212589,198771,191748
b10r10,5,15,39,0.112361,0.212654,83,95
b10r10,6,14,46,21.420030,19.783707,13831,11878
b10r10,7,12,31,0.553559,1.036757,601,755
b10r10,8,14,49,37.913393,46.225213,20575,25551
b10r10,9,10,23,0.271763,0.394703,378,502
b10r10,10,12,38,455.142458,260.237715,242500,272000
b10r10,11,11,36,27.357458,18.549807,20591,21091
b10r10,12,14,45,0.144410,0.325973,100,127
b10r10,13,12,35,126.319117,59.395783,77482,79538
b10r10,14,14,34,0.086417,0.215539,83,113
b10r10,15,14,45,0.242949,0.387927,169,203
b10r10,16,10,27,14.973117,19.565200,13935,16074
b10r10,17,12,37,21.686205,13.792363,14221,13978
b10r10,18,10,20,252.767026,30.763026,240500,76500
b10r10,19,10,32,0.770006,2.655197,701,1886
b10r10,20,10,24,196.983532,136.459166,171474,181270
b10r10,21,11,25,63.876979,45.935475,58534,77770
b10r10,22,13,42,1.496238,2.628228,1128,1288
b10r10,23,14,37,0.019689,0.030751,16,14
b10r10,24,11,36,0.063041,0.185934,52,138
b10r10,25,31,129,218.253964,386.765369,37987,49146
b10r10,26,41,111,2285.299712,1324.937448,327500,292500
b10r10,27,43,150,4.181310,8.607799,650,755
b10r10,28,44,144,2432.899680,906.766579,214000,237500
b10r10,29,38,148,0.857056,2.097054,155,173
b10r10,30,44,100,45.311399,54.420544,10777,15752
b10r10,31,35,150,728.903511,941.446186,94833,99336
b10r10,32,43,102,1688.001993,1031.348257,346000,353500
b10r10,33,37,122,1686.586969,941.884190,254040,283409
b10r10,34,32,117,1702.304937,993.727319,287120,293680
b10r10,35,42,133,6.643057,3.042417,1160,990
b10r10,36,31,113,89.141731,173.726604,21372,22810
b10r10,37,41,116,101.466440,131.701380,21260,29022
b10r10,38,42,126,5.730455,15.184818,1220,1965
b10r10,39,13,42,0.089639,0.153591,62,94
b10r10,40,14,45,113.684053,124.479773,56562,59179
b10r10,41,12,30,5.870969,5.568667,5530,4053
b10r10,42,14,36,10.003832,13.721079,7695,8591
b10r10,43,15,45,68.053894,91.812185,39171,47067
b10r1,0,13,46,0.961069,2.229622,873,1149
b10r1,1,14,45,178.897371,183.624465,132500,130000
b10r1,2,13,31,126.242869,163.855492,120000,131500
b10r1,3,12,43,201.511665,86.093572,82500,98000
b10r1,4,14,47,252.445614,107.146988,100500,87000
b10r1,5,15,39,0.732460,10.034709,631,4979
b10r1,6,14,46,84.334629,215.471849,64410,158568
b10r1,7,12,31,1.560868,29.868109,1892,24660
b10r1,8,14,49,102.013549,222.680238,59925,136496
b10r1,9,10,23,1.338454,2.904781,2230,4284
b10r1,10,12,38,125.968889,40.542182,60000,48500
b10r1,11,11,36,157.183100,91.252271,111000,108500
b10r1,12,14,45,1.508465,3.000856,1105,1384
b10r1,13,12,35,85.696007,31.630565,49500,43000
b10r1,14,14,34,0.780449,3.132816,797,1855
b10r1,15,14,45,5.069506,40.885412,3825,29370
b10r1,16,10,27,93.457752,37.021303,102371,41223
b10r1,17,12,37,110.552350,101.354769,74213,110154
b10r1,18,10,20,60.046058,18.503882,56500,45500
b10r1,19,10,32,0.573852,5.610694,715,6054
b10r1,20,10,24,95.284882,60.989461,84500,84000
b10r1,21,11,25,86.966690,36.090406,79000,64000
b10r1,22,13,42,6.210952,79.408399,5334,49697
b10r1,23,14,37,0.664370,2.863030,666,2022
b10r1,24,11,36,1.642206,1.123675,1636,1244
b10r1,25,31,129,347.947889,373.998556,60500,82000
b10r1,26,41,111,667.746552,422.784974,99000,95000
b10r1,27,43,150,52.893154,342.973743,9155,45626
b10r1,28,44,144,897.927149,205.666521,63500,56500
b10r1,29,38,148,4.867783,23.179224,892,2387
b10r1,30,44,100,247.755722,193.113347,56717,59060
b10r1,31,35,150,1162.589783,1040.885478,128500,118000
b10r1,32,43,102,610.768930,253.064838,104500,88000
b10r1,33,37,122,951.944056,465.331134,138500,144000
b10r1,34,32,117,677.948121,380.919971,110000,110500
b10r1,35,42,133,3.555237,7.868041,551,2680
b10r1,36,31,113,549.768829,1075.159086,129000,141500
b10r1,37,41,116,562.441696,505.937197,107442,107800
b10r1,38,42,126,12.729556,110.754595,2960,20837
b10r1,39,13,42,2.703705,24.979502,2313,18959
b10r1,40,14,45,179.867815,201.982042,88000,118000
b10r1,41,12,30,36.475345,76.792857,39250,71920
b10r1,42,14,36,51.009950,62.232913,39306,41507
b10r1,43,15,45,164.824856,195.076262,94000,116500
b10r5,0,13,46,0.105065,0.236804,85,99
b10r5,1,14,45,353.413986,525.208147,225338,259141
b10r5,2,13,31,180.202532,182.434225,154500,128000
b10r5,3,12,43,683.393488,247.893637,264000,264000
b10r5,4,14,47,704.350482,298.300413,288000,227000
b10r5,5,15,39,0.409917,0.782715,323,357
b10r5,6,14,46,72.115410,94.345973,47455,59783
b10r5,7,12,31,1.287603,2.339722,1484,1852
b10r5,8,14,49,68.379164,124.992622,38113,70943
b10r5,9,10,23,0.641336,0.833472,1056,1314
b10r5,10,12,38,300.273792,90.189130,145500,106500
b10r5,11,11,36,103.737618,63.029261,72477,72142
b10r5,12,14,45,0.639352,1.176476,464,486
b10r5,13,12,35,276.245176,64.307572,159500,88500
b10r5,14,14,34,0.396952,0.784992,377,425
b10r5,15,14,45,0.972262,1.226531,731,855
b10r5,16,10,27,53.362967,73.997091,50305,60620
b10r5,17,12,37,86.920051,61.729507,56949,61897
b10r5,18,10,20,130.959364,31.975591,122500,80000
b10r5,19,10,32,0.618308,0.948256,757,1005
b10r5,20,10,24,234.650916,150.252379,208000,200500
b10r5,21,11,25,146.036668,90.421552,131000,161000
b10r5,22,13,42,2.614206,4.036161,2237,2586
b10r5,23,14,37,0.112767,0.163506,105,103
b10r5,24,11,36,0.263680,0.263815,253,278
b10r5,25,31,129,1122.212798,1696.107365,190583,239937
b10r5,26,41,111,1549.461943,1114.082748,229000,248000
b10r5,27,43,150,9.238103,14.494920,1613,1864
b10r5,28,44,144,1780.817896,485.207994,143500,130500
b10r5,29,38,148,2.728557,5.795700,522,550
b10r5,30,44,100,193.529023,229.172353,46196,70382
b10r5,31,35,150,3171.850682,2757.847403,378500,305000
b10r5,32,43,102,1229.879790,681.217692,230000,241500
b10r5,33,37,122,2275.466723,1244.016508,349500,388500
b10r5,34,32,117,1726.542643,991.184840,293000,298500
b10r5,35,42,133,6.169472,2.461725,1041,862
b10r5,36,31,113,248.903446,561.035002,59996,75850
b10r5,37,41,116,424.541498,425.374507,85904,94563
b10r5,38,42,126,7.050329,14.186500,1701,2631
b10r5,39,13,42,0.516571,0.559887,406,382
b10r5,40,14,45,462.419378,477.517162,234500,291856
b10r5,41,12,30,14.507655,21.454862,13819,17349
b10r5,42,14,36,15.470121,20.859751,11780,13015
b10r5,43,15,45,429.101602,566.613160,244768,295442
b1r10,0,13,46,0.008753,0.036953,5,16
b1r10,1,14,45,41.355646,88.105385,24980,55579
b1r10,2,13,31,39.437390,77.008204,34093,76031
b1r10,3,12,43,526.773420,262.679045,247561,393726
b1r10,4,14,47,448.854466,263.241560,198771,273211
b1r10,5,15,39,0.114697,0.428451,83,308
b1r10,6,14,46,21.499174,27.450765,13831,25610
b1r10,7,12,31,0.557958,0.957310,601,1338
b1r10,8,14,49,38.176827,33.885170,20575,27961
b1r10,9,10,23,0.271425,0.331021,378,698
b1r10,10,12,38,458.053279,249.777516,242500,357500
b1r10,11,11,36,27.591267,13.099305,20591,22894
b1r10,12,14,45,0.146359,0.406546,100,235
b1r10,13,12,35,127.027740,52.134262,77482,119277
b1r10,14,14,34,0.086973,0.270842,83,230
b1r10,15,14,45,0.246862,0.505938,169,354
b1r10,16,10,27,15.092241,26.173375,13935,29876
b1r10,17,12,37,21.777066,10.015349,14221,17179
b1r10,18,10,20,254.765463,35.355661,240500,156500
b1r10,19,10,32,0.779778,1.507701,701,1717
b1r10,20,10,24,198.338202,132.882238,171474,278767
b1r10,21,11,25,64.618826,89.122381,58534,238939
b1r10,22,13,42,1.497871,2.049241,1128,1377
b1r10,23,14,37,0.019849,0.305393,16,206
b1r10,24,11,36,0.063382,0.115190,52,114
b1r10,25,31,129,219.201145,557.447094,37987,91585
b1r10,26,41,111,2293.781383,1122.328945,327500,500000
b1r10,27,43,150,4.206536,10.026675,650,1314
b1r10,28,44,144,2438.041039,673.481269,214000,310000
b1r10,29,38,148,0.861777,0.023167,155,1
b1r10,30,44,100,45.507999,70.573919,10777,41018
b1r10,31,35,150,731.820883,846.192140,94833,146754
b1r10,32,43,102,1700.446358,869.090826,346000,500000
b1r10,33,37,122,1699.012137,912.933266,254040,414650
b1r10,34,32,117,1708.708073,924.959498,287120,394024
b1r10,35,42,133,6.869607,9.768473,1160,4952
b1r10,36,31,113,91.861025,177.673159,21372,33178
b1r10,37,41,116,102.021772,70.812731,21260,37684
b1r10,38,42,126,5.790164,15.301591,1220,4208
b1r10,39,13,42,0.094645,0.466585,62,457
b1r10,40,14,45,115.527564,143.664097,56562,98795
b1r10,41,12,30,6.013343,21.247726,5530,22740
b1r10,42,14,36,10.220383,17.212096,7695,20984
b1r10,43,15,45,68.819398,93.392109,39171,68989
b1r1,0,13,46,0.926566,13.493989,873,11132
b1r1,1,14,45,175.157625,123.337562,132500,153000
b1r1,2,13,31,121.248385,120.883167,120000,154500
b1r1,3,12,43,201.712433,71.586631,82500,109500
b1r1,4,14,47,248.931215,82.619149,100500,89000
b1r1,5,15,39,0.934544,32.465576,631,23994
b1r1,6,14,46,105.698613,220.510645,64410,245000
b1r1,7,12,31,1.958901,48.544147,1892,66656
b1r1,8,14,49,105.061943,210.271650,59925,227000
b1r1,9,10,23,1.280153,6.995699,2230,20588
b1r1,10,12,38,123.311879,24.930879,60000,45000
b1r1,11,11,36,157.244978,46.674895,111000,89000
b1r1,12,14,45,1.511216,13.275392,1105,9930
b1r1,13,12,35,87.846280,19.576860,49500,45000
b1r1,14,14,34,0.817447,5.287508,797,5429
b1r1,15,14,45,5.242117,85.388160,3825,104395
b1r1,16,10,27,97.297677,37.549947,102371,71000
b1r1,17,12,37,114.566075,77.729799,74213,151000
b1r1,18,10,20,62.498131,10.675542,56500,46000
b1r1,19,10,32,0.601138,23.498923,715,44020
b1r1,20,10,24,99.241630,40.301264,84500,89500
b1r1,21,11,25,90.566715,22.868214,79000,69000
b1r1,22,13,42,6.455938,139.023294,5334,139673
b1r1,23,14,37,0.693752,11.790795,666,16183
b1r1,24,11,36,1.732504,4.127083,1636,6529
b1r1,25,31,129,359.499343,233.680080,60500,92000
b1r1,26,41,111,690.838868,173.972697,99000,99500
b1r1,27,43,150,55.070163,544.349655,9155,168835
b1r1,28,44,144,921.744366,115.472182,63500,55000
b1r1,29,38,148,5.021149,0.024382,892,1
b1r1,30,44,100,255.169008,131.477160,56717,91000
b1r1,31,35,150,1203.004474,758.110592,128500,128000
b1r1,32,43,102,633.352115,138.869910,104500,87500
b1r1,33,37,122,979.495160,327.834199,138500,158500
b1r1,34,32,117,702.374748,291.607806,110000,125500
b1r1,35,42,133,3.615191,27.348581,551,15526
b1r1,36,31,113,560.360913,888.035027,129000,172000
b1r1,37,41,116,573.092313,190.816348,107442,109500
b1r1,38,42,126,13.069490,218.445987,2960,106979
b1r1,39,13,42,2.799886,66.564796,2313,92381
b1r1,40,14,45,185.271842,142.575457,88000,135000
b1r1,41,12,30,37.752773,75.844555,39250,131000
b1r1,42,14,36,52.640766,59.810225,39306,93000
b1r1,43,15,45,170.341631,151.918768,94000,140000
b1r5,0,13,46,0.102447,0.315251,85,201
b1r5,1,14,45,356.883371,604.278075,225338,396000
b1r5,2,13,31,181.342143,283.352704,154500,286500
b1r5,3,12,43,691.993887,217.666626,264000,312000
b1r5,4,14,47,706.427723,252.497126,288000,268000
b1r5,5,15,39,0.408933,1.319227,323,1059
b1r5,6,14,46,72.562656,149.141195,47455,155413
b1r5,7,12,31,1.302718,2.273517,1484,3574
b1r5,8,14,49,69.046554,191.962614,38113,168364
b1r5,9,10,23,0.649245,0.684434,1056,1926
b1r5,10,12,38,301.105037,74.772361,145500,128500
b1r5,11,11,36,104.476845,57.763081,72477,104675
b1r5,12,14,45,0.645407,1.308282,464,824
b1r5,13,12,35,276.862311,84.872714,159500,201500
b1r5,14,14,34,0.398381,1.021495,377,932
b1r5,15,14,45,0.981123,1.432534,731,1713
b1r5,16,10,27,53.472691,132.056490,50305,152882
b1r5,17,12,37,87.164347,57.251629,56949,98013
b1r5,18,10,20,131.200813,19.325263,122500,86000
b1r5,19,10,32,0.621982,1.550267,757,2847
b1r5,20,10,24,236.043348,110.664666,208000,234000
b1r5,21,11,25,147.396397,92.243349,131000,277500
b1r5,22,13,42,2.640444,3.208711,2237,3212
b1r5,23,14,37,0.114952,0.898852,105,1083
b1r5,24,11,36,0.262762,0.477877,253,717
b1r5,25,31,129,1126.507030,2175.040871,190583,429500
b1r5,26,41,111,1547.738847,645.496160,229000,303000
b1r5,27,43,150,9.272888,13.643526,1613,3791
b1r5,28,44,144,1781.214538,339.567443,143500,166000
b1r5,29,38,148,2.751078,0.023259,522,1
b1r5,30,44,100,194.478753,280.062545,46196,180591
b1r5,31,35,150,3174.939419,2138.890752,378500,373500
b1r5,32,43,102,1237.603048,522.047461,230000,313500
b1r5,33,37,122,2290.079063,935.821040,349500,446500
b1r5,34,32,117,1732.352606,769.705972,293000,343500
b1r5,35,42,133,6.181451,7.366425,1041,4267
b1r5,36,31,113,250.430047,620.535721,59996,121649
b1r5,37,41,116,426.888880,247.735721,85904,136356
b1r5,38,42,126,7.087024,10.246564,1701,5017
b1r5,39,13,42,0.520407,1.374430,406,1654
b1r5,40,14,45,464.361365,396.894401,234500,394000
b1r5,41,12,30,14.512836,39.215419,13819,50354
b1r5,42,14,36,15.309892,26.874819,11780,33555
b1r5,43,15,45,429.481916,557.925987,244768,413000
rw_b100r10,0,7,26,0.014772,0.082162,15,14
rw_b100r10,1,8,29,0.629458,2.432973,605,559
rw_b100r10,2,11,43,616.799224,715.150971,241000,228500
rw_b100r10,3,11,11,0.000695,0.006271,1,1
rw_b100r10,4,12,37,674.746451,1879.788119,231899,235554
rw_b100r10,5,18,18,0.188714,0.036576,106,1
rw_b100r10,6,45,45,3685.448570,81508.650485,287737,295979
rw_b100r10,7,25,25,0.021785,0.115493,9,1
rw_b100r10,8,9,9,0.021610,2.386040,52,324
rw_b100r10,9,27,27,0.108680,16.453901,62,359
rw_b100r10,10,6,6,0.000210,0.000884,1,1
rw_b100r10,11,21,21,0.048817,0.009896,44,1
rw_b100r10,12,22,22,8.529687,493.551853,4249,6934
rw_b100r10,13,53,53,0.001471,0.003944,1,1
rw_b100r10,14,25,25,136.653709,3419.179865,57657,68084
rw_b100r10,15,10,10,0.044245,3.674347,92,390
rw_b100r10,16,23,23,0.023744,0.079858,12,1
rw_b100r10,17,34,34,0.047252,70.299165,11,252
rw_b100r10,18,22,22,8.552957,496.323006,4249,6934
rw_b100r10,19,23,23,0.042976,12.485227,21,170
rw_b100r10,20,30,30,349.792408,1780.669193,91500,93500
rw_b100r10,21,16,16,0.087223,8.356213,78,253
rw_b100r10,22,27,27,1.523300,51.389722,828,1507
rw_b100r1,0,7,26,5.954831,23.040204,7178,4266
rw_b100r1,1,8,29,2.802300,30.584084,2865,7394
rw_b100r1,2,11,43,127.202109,107.041556,40500,37500
rw_b100r1,3,11,11,0.000633,0.006270,1,1
rw_b100r1,4,12,37,337.221201,926.204255,110000,108500
rw_b100r1,5,18,18,0.131102,7.078832,74,166
rw_b100r1,6,45,45,1066.525837,26779.668305,82500,82000
rw_b100r1,7,25,25,0.002170,0.119453,1,1
rw_b100r1,8,9,9,0.008357,0.530137,20,69
rw_b100r1,9,27,27,0.097835,6.099580,55,127
rw_b100r1,10,6,6,0.000225,0.000922,1,1
rw_b100r1,11,21,21,0.015782,0.316185,14,31
rw_b100r1,12,22,22,33.389957,1417.719799,16172,18766
rw_b100r1,13,53,53,0.001614,0.004038,1,1
rw_b100r1,14,25,25,242.508175,6745.971745,99411,109221
rw_b100r1,15,10,10,0.058850,1.785043,127,175
rw_b100r1,16,23,23,0.007085,0.087564,4,1
rw_b100r1,17,34,34,0.006303,2.940838,2,10
rw_b100r1,18,22,22,32.692759,1419.776873,16172,18766
rw_b100r1,19,23,23,0.003702,2.346497,2,30
rw_b100r1,20,30,30,151.777624,773.532236,38500,38500
rw_b100r1,21,16,16,0.026810,2.600904,24,75
rw_b100r1,22,27,27,14.334554,324.514133,7986,8968
rw_b100r5,0,7,26,0.137219,0.806537,153,140
rw_b100r5,1,8,29,1.652588,6.787005,1636,1606
rw_b100r5,2,11,43,320.525801,239.608650,121500,81500
rw_b100r5,3,11,11,0.000660,0.006212,1,1
rw_b100r5,4,12,37,960.822052,2629.676997,330000,320500
rw_b100r5,5,18,18,0.186336,12.338719,107,294
rw_b100r5,6,45,45,3020.685395,65861.550322,237000,231500
rw_b100r5,7,25,25,0.011973,0.116366,5,1
rw_b100r5,8,9,9,0.015857,1.515791,38,205
rw_b100r5,9,27,27,0.161673,14.903426,91,328
rw_b100r5,10,6,6,0.000219,0.000890,1,1
rw_b100r5,11,21,21,0.033019,0.761841,30,77
rw_b100r5,12,22,22,26.908944,1274.575805,13255,17556
rw_b100r5,13,53,53,0.001533,0.003869,1,1
rw_b100r5,14,25,25,348.626112,8716.951023,143675,161271
rw_b100r5,15,10,10,0.070897,2.971368,150,304
rw_b100r5,16,23,23,0.024833,0.082586,12,1
rw_b100r5,17,34,34,0.052867,53.020531,12,191
rw_b100r5,18,22,22,26.768702,1270.572250,13255,17556
rw_b100r5,19,23,23,0.026408,6.588474,13,86
rw_b100r5,20,30,30,246.014332,1543.796330,64000,79000
rw_b100r5,21,16,16,0.066403,6.078543,58,181
rw_b100r5,22,27,27,8.039012,186.803661,4425,5326
rw_b10r10,0,7,26,0.014486,0.039710,15,25
rw_b10r10,1,8,29,0.620871,0.587347,605,542
rw_b10r10,2,11,43,611.284945,212.519355,241000,218000
rw_b10r10,3,11,11,0.000659,0.000917,1,1
rw_b10r10,4,12,37,670.325167,406.465671,231899,263823
rw_b10r10,5,18,18,0.187625,0.037391,106,8
rw_b10r10,6,45,45,3680.734254,11009.422231,287737,298500
rw_b10r10,7,25,25,0.028795,0.015570,9,1
rw_b10r10,8,9,9,0.031313,2.049798,52,1833
rw_b10r10,9,27,27,0.142765,0.006707,62,1
rw_b10r10,10,6,6,0.000279,0.000275,1,1
rw_b10r10,11,21,21,0.066389,0.002171,44,1
rw_b10r10,12,22,22,11.222135,310.400630,4249,30955
rw_b10r10,13,53,53,0.002147,0.001914,1,1
rw_b10r10,14,25,25,181.834464,839.370839,57657,116884
rw_b10r10,15,10,10,0.059755,2.619391,92,1839
rw_b10r10,16,23,23,0.031810,0.011553,12,1
rw_b10r10,17,34,34,0.064324,121.692991,11,3257
rw_b10r10,18,22,22,11.221683,312.481443,4249,30955
rw_b10r10,19,23,23,0.056315,0.010841,21,1
rw_b10r10,20,30,30,449.476994,290.757575,91500,98000
rw_b10r10,21,16,16,0.112600,6.457539,78,1382
rw_b10r10,22,27,27,2.020907,26.565467,828,4958
rw_b10r1,0,7,26,5.845944,7.582548,7178,7213
rw_b10r1,1,8,29,2.771325,11.526996,2865,11237
rw_b10r1,2,11,43,124.717710,24.788027,40500,34000
rw_b10r1,3,11,11,0.000813,0.000824,1,1
rw_b10r1,4,12,37,331.846609,164.717236,110000,103000
rw_b10r1,5,18,18,0.132271,4.692473,74,1023
rw_b10r1,6,45,45,1070.569481,2907.375734,82500,73000
rw_b10r1,7,25,25,0.002919,0.017200,1,1
rw_b10r1,8,9,9,0.011710,0.525655,20,447
rw_b10r1,9,27,27,0.131303,0.007312,55,1
rw_b10r1,10,6,6,0.000312,0.000306,1,1
rw_b10r1,11,21,21,0.021848,0.002316,14,1
rw_b10r1,12,22,22,43.399066,396.383077,16172,37648
rw_b10r1,13,53,53,0.002256,0.002003,1,1
rw_b10r1,14,25,25,317.786610,1108.369039,99411,126329
rw_b10r1,15,10,10,0.079881,1.329013,127,900
rw_b10r1,16,23,23,0.009536,0.011661,4,1
rw_b10r1,17,34,34,0.008478,3.854352,2,98
rw_b10r1,18,22,22,43.313503,395.644833,16172,37648
rw_b10r1,19,23,23,0.004975,0.011387,2,1
rw_b10r1,20,30,30,195.261684,114.804594,38500,38000
rw_b10r1,21,16,16,0.036151,2.174972,24,435
rw_b10r1,22,27,27,19.139567,90.608650,7986,16541
rw_b10r5,0,7,26,0.134101,0.290382,153,219
rw_b10r5,1,8,29,1.632457,1.724182,1636,1617
rw_b10r5,2,11,43,319.520864,51.593572,121500,69000
rw_b10r5,3,11,11,0.000639,0.000883,1,1
rw_b10r5,4,12,37,957.635348,501.979351,330000,319500
rw_b10r5,5,18,18,0.186373,9.657875,107,2154
rw_b10r5,6,45,45,3020.246584,7845.542747,237000,209500
rw_b10r5,7,25,25,0.015313,0.015913,5,1
rw_b10r5,8,9,9,0.021278,1.405598,38,1258
rw_b10r5,9,27,27,0.209684,0.006911,91,1
rw_b10r5,10,6,6,0.000295,0.000295,1,1
rw_b10r5,11,21,21,0.045847,0.002151,30,1
rw_b10r5,12,22,22,35.113229,548.425191,13255,53687
rw_b10r5,13,53,53,0.002158,0.002030,1,1
rw_b10r5,14,25,25,449.493539,1642.247260,143675,217239
rw_b10r5,15,10,10,0.094557,2.970749,150,2081
rw_b10r5,16,23,23,0.031033,0.011550,12,1
rw_b10r5,17,34,34,0.066748,86.522173,12,2376
rw_b10r5,18,22,22,34.639707,544.103903,13255,53687
rw_b10r5,19,23,23,0.034858,0.011089,13,1
rw_b10r5,20,30,30,312.024803,198.226578,64000,69000
rw_b10r5,21,16,16,0.085411,5.890667,58,1244
rw_b10r5,22,27,27,10.665300,71.564317,4425,13370
rw_b1r10,0,7,26,0.014756,0.048470,15,40
rw_b1r10,1,8,29,0.637173,0.345014,605,447
rw_b1r10,2,11,43,622.396030,188.716970,241000,250000
rw_b1r10,3,11,11,0.000717,0.000294,1,1
rw_b1r10,4,12,37,682.815690,447.634934,231899,500000
rw_b1r10,5,18,18,0.191502,0.000751,106,1
rw_b1r10,6,45,45,3745.756818,1637.736237,287737,387500
rw_b1r10,7,25,25,0.029602,0.001919,9,1
rw_b1r10,8,9,9,0.030256,0.000237,52,1
rw_b1r10,9,27,27,0.150283,0.001271,62,1
rw_b1r10,10,6,6,0.000306,0.000193,1,1
rw_b1r10,11,21,21,0.068485,0.000954,44,1
rw_b1r10,12,22,22,11.650151,332.307449,4249,269887
rw_b1r10,13,53,53,0.002055,0.001726,1,1
rw_b1r10,14,25,25,187.392186,482.264751,57657,500000
rw_b1r10,15,10,10,0.061687,3.916965,92,16794
rw_b1r10,16,23,23,0.032517,0.001387,12,1
rw_b1r10,17,34,34,0.064064,0.003827,11,1
rw_b1r10,18,22,22,11.484414,330.091613,4249,269887
rw_b1r10,19,23,23,0.059434,0.001469,21,1
rw_b1r10,20,30,30,458.497247,55.191505,91500,102500
rw_b1r10,21,16,16,0.119202,0.000631,78,1
rw_b1r10,22,27,27,2.067236,38.597116,828,41363
rw_b1r1,0,7,26,5.840268,17.246258,7178,28097
rw_b1r1,1,8,29,2.745479,28.950902,2865,40190
rw_b1r1,2,11,43,124.480441,14.717556,40500,29000
rw_b1r1,3,11,11,0.000629,0.000318,1,1
rw_b1r1,4,12,37,329.513633,97.530034,110000,111500
rw_b1r1,5,18,18,0.128720,0.000676,74,1
rw_b1r1,6,45,45,1061.981193,278.602492,82500,64500
rw_b1r1,7,25,25,0.002790,0.001892,1,1
rw_b1r1,8,9,9,0.011693,0.000214,20,1
rw_b1r1,9,27,27,0.129990,0.001157,55,1
rw_b1r1,10,6,6,0.000313,0.000195,1,1
rw_b1r1,11,21,21,0.021612,0.000918,14,1
rw_b1r1,12,22,22,43.054855,274.345970,16172,222500
rw_b1r1,13,53,53,0.002074,0.001701,1,1
rw_b1r1,14,25,25,316.327185,194.436265,99411,178500
rw_b1r1,15,10,10,0.079418,1.840721,127,7993
rw_b1r1,16,23,23,0.009446,0.001414,4,1
rw_b1r1,17,34,34,0.008181,0.003848,2,1
rw_b1r1,18,22,22,43.187268,274.480164,16172,222500
rw_b1r1,19,23,23,0.004758,0.001447,2,1
rw_b1r1,20,30,30,194.772551,20.579005,38500,38000
rw_b1r1,21,16,16,0.036072,0.000661,24,1
rw_b1r1,22,27,27,18.991055,86.495733,7986,93474
rw_b1r5,0,7,26,0.135645,0.323235,153,371
rw_b1r5,1,8,29,1.625292,1.107107,1636,1499
rw_b1r5,2,11,43,318.910996,40.463233,121500,77000
rw_b1r5,3,11,11,0.000627,0.000311,1,1
rw_b1r5,4,12,37,977.076397,378.883168,330000,421500
rw_b1r5,5,18,18,0.191726,0.000746,107,1
rw_b1r5,6,45,45,3074.008051,1005.434758,237000,235500
rw_b1r5,7,25,25,0.016033,0.001981,5,1
rw_b1r5,8,9,9,0.022141,0.000240,38,1
rw_b1r5,9,27,27,0.218277,0.001280,91,1
rw_b1r5,10,6,6,0.000303,0.000199,1,1
rw_b1r5,11,21,21,0.047213,0.000962,30,1
rw_b1r5,12,22,22,36.519847,524.255835,13255,419084
rw_b1r5,13,53,53,0.002306,0.001606,1,1
rw_b1r5,14,25,25,469.276512,509.127719,143675,500000
rw_b1r5,15,10,10,0.099160,5.265543,150,22284
rw_b1r5,16,23,23,0.032052,0.001379,12,1
rw_b1r5,17,34,34,0.069135,0.003937,12,1
rw_b1r5,18,22,22,36.264436,520.562505,13255,419084
rw_b1r5,19,23,23,0.035981,0.001348,13,1
rw_b1r5,20,30,30,324.118183,37.094572,64000,68500
rw_b1r5,21,16,16,0.089827,0.000650,58,1
rw_b1r5,22,27,27,10.938444,93.731527,4425,100395
