tag,network_id,n_controls,total_Q,rho,samples,GR_GR,GR_GI,GR_GR_over_GR_GI
b10r1,0,13,46,1.0,10,0.21331398,0.23975027,0.88973406
b10r1,1,14,45,1.0,10,0.30060828,0.82283910,0.36533057
b10r1,2,13,31,1.0,10,0.35549268,0.85161786,0.41743216
b10r1,3,12,43,1.0,10,0.36326838,0.99979660,0.36334228
b10r1,4,14,47,1.0,10,0.33824353,0.99797915,0.33892845
b10r1,5,15,39,1.0,10,0.11521514,0.14617066,0.78822344
b10r1,6,14,46,1.0,10,0.28240002,0.56062287,0.50372547
b10r1,7,12,31,1.0,10,0.24934398,0.24996830,0.99750240
b10r1,8,14,49,1.0,10,0.29919860,0.64087662,0.46685835
b10r1,9,10,23,1.0,10,0.23765584,0.51045178,0.46557941
b10r1,10,12,38,1.0,10,0.36824479,0.99987249,0.36829175
b10r1,11,11,36,1.0,10,0.34013232,0.91173607,0.37306007
b10r1,12,14,45,1.0,10,0.22513335,0.22616830,0.99542398
b10r1,13,12,35,1.0,10,0.32993865,0.99093500,0.33295690
b10r1,14,14,34,1.0,10,0.16935302,0.28727552,0.58951428
b10r1,15,14,45,1.0,10,0.26688146,0.34697967,0.76915590
b10r1,16,10,27,1.0,10,0.27224723,0.62495677,0.43562570
b10r1,17,12,37,1.0,10,0.32513852,0.96938537,0.33540688
b10r1,18,10,20,1.0,10,0.33317596,0.99986826,0.33321986
b10r1,19,10,32,1.0,10,0.07535527,0.17735682,0.42487946
b10r1,20,10,24,1.0,10,0.36751044,0.99801903,0.36823991
b10r1,21,11,25,1.0,10,0.32956993,0.99751175,0.33039203
b10r1,22,13,42,1.0,10,0.32839214,0.58482344,0.56152356
b10r1,23,14,37,1.0,10,0.08053663,0.11087249,0.72638966
b10r1,24,11,36,1.0,10,0.10917382,0.14465577,0.75471459
b10r1,25,31,129,1.0,10,0.34890910,0.94849903,0.36785393
b10r1,26,41,111,1.0,10,0.36188767,0.99955134,0.36205011
b10r1,27,43,150,1.0,10,0.19698727,0.26694786,0.73792414
b10r1,28,44,144,1.0,10,0.36826300,0.99997148,0.36827350
b10r1,29,38,148,1.0,10,0.09552163,0.09537527,1.00153457
b10r1,30,44,100,1.0,10,0.27257349,0.80259183,0.33961658
b10r1,31,35,150,1.0,10,0.32442897,0.99394147,0.32640651
b10r1,32,43,102,1.0,10,0.36830655,0.99894425,0.36869580
b10r1,33,37,122,1.0,10,0.36812508,0.99963558,0.36825928
b10r1,34,32,117,1.0,10,0.36714007,0.99980113,0.36721310
b10r1,35,42,133,1.0,10,0.07831276,0.12971957,0.60370814
b10r1,36,31,113,1.0,10,0.31818542,0.98059878,0.32448074
b10r1,37,41,116,1.0,10,0.35462577,0.80066489,0.44291410
b10r1,38,42,126,1.0,10,0.14456412,0.43065154,0.33568699
b10r1,39,13,42,1.0,10,0.19679497,0.26715567,0.73663033
b10r1,40,14,45,1.0,10,0.36380720,0.99118894,0.36704122
b10r1,41,12,30,1.0,10,0.20736521,0.47073815,0.44051074
b10r1,42,14,36,1.0,10,0.21542775,0.58336220,0.36928644
b10r1,43,15,45,1.0,10,0.32172710,0.98952112,0.32513414
b10r10,0,13,46,10.0,10,0.00008339,0.00025827,0.32287916
b10r10,1,14,45,10.0,10,0.00003110,0.73334193,0.00004241
b10r10,2,13,31,10.0,10,0.00007469,0.25566036,0.00029215
b10r10,3,12,43,10.0,10,0.00004473,0.99936927,0.00004476
b10r10,4,14,47,10.0,10,0.00003976,0.99603067,0.00003992
b10r10,5,15,39,10.0,10,0.00001005,0.00028676,0.03504673
b10r10,6,14,46,10.0,10,0.00003319,0.36850745,0.00009007
b10r10,7,12,31,10.0,10,0.00003713,0.00927818,0.00400186
b10r10,8,14,49,10.0,10,0.00002694,0.40172809,0.00006706
b10r10,9,10,23,10.0,10,0.00002192,0.00454791,0.00481980
b10r10,10,12,38,10.0,10,0.00004562,0.99940164,0.00004565
b10r10,11,11,36,10.0,10,0.00003784,0.83449661,0.00004534
b10r10,12,14,45,10.0,10,0.00002766,0.00043026,0.06428671
b10r10,13,12,35,10.0,10,0.00003858,0.98565306,0.00003914
b10r10,14,14,34,10.0,10,0.00001723,0.00112887,0.01526305
b10r10,15,14,45,10.0,10,0.00002803,0.02017848,0.00138910
b10r10,16,10,27,10.0,10,0.00002665,0.42757675,0.00006233
b10r10,17,12,37,10.0,10,0.00003744,0.71452096,0.00005240
b10r10,18,10,20,10.0,10,0.00003887,0.99886416,0.00003891
b10r10,19,10,32,10.0,10,0.00002428,0.01269640,0.00191235
b10r10,20,10,24,10.0,10,0.00004542,0.99645325,0.00004558
b10r10,21,11,25,10.0,10,0.00003801,0.99604446,0.00003816
b10r10,22,13,42,10.0,10,0.00003636,0.02134233,0.00170366
b10r10,23,14,37,10.0,10,0.00014889,0.00051823,0.28730486
b10r10,24,11,36,10.0,10,0.00001409,0.00450064,0.00313067
b10r10,25,31,129,10.0,10,0.00005536,0.92747116,0.00005969
b10r10,26,41,111,10.0,10,0.00009300,0.98900566,0.00009403
b10r10,27,43,150,10.0,10,0.00001205,0.00113118,0.01065259
b10r10,28,44,144,10.0,10,0.00004549,0.99994685,0.00004549
b10r10,29,38,148,10.0,10,0.00000766,0.00031714,0.02415337
b10r10,30,44,100,10.0,10,0.00003009,0.27867234,0.00010798
b10r10,31,35,150,10.0,10,0.00003748,0.99046716,0.00003784
b10r10,32,43,102,10.0,10,0.00004653,0.99787313,0.00004663
b10r10,33,37,122,10.0,10,0.00004681,0.99695491,0.00004695
b10r10,34,32,117,10.0,10,0.00006111,0.99723183,0.00006128
b10r10,35,42,133,10.0,10,0.00000852,0.00137412,0.00620033
b10r10,36,31,113,10.0,10,0.00009219,0.52263681,0.00017639
b10r10,37,41,116,10.0,10,0.00010262,0.01357717,0.00755828
b10r10,38,42,126,10.0,10,0.00001229,0.02708094,0.00045382
b10r10,39,13,42,10.0,10,0.00008223,0.00309010,0.02661079
b10r10,40,14,45,10.0,10,0.00007585,0.84470682,0.00008979
b10r10,41,12,30,10.0,10,0.00001358,0.00910335,0.00149176
b10r10,42,14,36,10.0,10,0.00001835,0.03046057,0.00060242
b10r10,43,15,45,10.0,10,0.00007554,0.97288603,0.00007765
b10r5,0,13,46,5.0,10,0.00240870,0.00834954,0.28848296
b10r5,1,14,45,5.0,10,0.00470375,0.75386195,0.00623954
b10r5,2,13,31,5.0,10,0.00644755,0.35562682,0.01813010
b10r5,3,12,43,5.0,10,0.00662179,0.99961365,0.00662435
b10r5,4,14,47,5.0,10,0.00593695,0.99691470,0.00595532
b10r5,5,15,39,5.0,10,0.00158548,0.00815689,0.19437310
b10r5,6,14,46,5.0,10,0.00429712,0.39522951,0.01087247
b10r5,7,12,31,5.0,10,0.00396923,0.02457268,0.16153020
b10r5,8,14,49,5.0,10,0.00410984,0.43250548,0.00950240
b10r5,9,10,23,5.0,10,0.00337492,0.04504976,0.07491538
b10r5,10,12,38,5.0,10,0.00675140,0.99974000,0.00675316
b10r5,11,11,36,5.0,10,0.00566504,0.84530895,0.00670174
b10r5,12,14,45,5.0,10,0.00266109,0.00523048,0.50876593
b10r5,13,12,35,5.0,10,0.00575930,0.98699604,0.00583518
b10r5,14,14,34,5.0,10,0.00205147,0.01383262,0.14830668
b10r5,15,14,45,5.0,10,0.00397672,0.05284768,0.07524871
b10r5,16,10,27,5.0,10,0.00404388,0.45403091,0.00890662
b10r5,17,12,37,5.0,10,0.00558573,0.74495688,0.00749806
b10r5,18,10,20,5.0,10,0.00579691,0.99963524,0.00579903
b10r5,19,10,32,5.0,10,0.00120907,0.08473670,0.01426855
b10r5,20,10,24,5.0,10,0.00673307,0.99692593,0.00675383
b10r5,21,11,25,5.0,10,0.00564145,0.99629452,0.00566243
b10r5,22,13,42,5.0,10,0.00547468,0.10921150,0.05012915
b10r5,23,14,37,5.0,10,0.00107660,0.00699807,0.15384242
b10r5,24,11,36,5.0,10,0.00178110,0.03359382,0.05301868
b10r5,25,31,129,5.0,10,0.00639672,0.93248428,0.00685987
b10r5,26,41,111,5.0,10,0.00663885,0.99834218,0.00664987
b10r5,27,43,150,5.0,10,0.00202718,0.02054789,0.09865636
b10r5,28,44,144,5.0,10,0.00674638,0.99996574,0.00674661
b10r5,29,38,148,5.0,10,0.00102555,0.00314588,0.32599781
b10r5,30,44,100,5.0,10,0.00452390,0.34605727,0.01307269
b10r5,31,35,150,5.0,10,0.00504023,0.99110914,0.00508544
b10r5,32,43,102,5.0,10,0.00675355,0.99845490,0.00676400
b10r5,33,37,122,5.0,10,0.00674876,0.99926766,0.00675371
b10r5,34,32,117,5.0,10,0.00677020,0.99953473,0.00677335
b10r5,35,42,133,5.0,10,0.00131162,0.01725549,0.07601175
b10r5,36,31,113,5.0,10,0.00507865,0.93322080,0.00544207
b10r5,37,41,116,5.0,10,0.00645128,0.06598305,0.09777178
b10r5,38,42,126,5.0,10,0.00150180,0.09307785,0.01613488
b10r5,39,13,42,5.0,10,0.00270332,0.02111344,0.12803788
b10r5,40,14,45,5.0,10,0.00660309,0.95502638,0.00691404
b10r5,41,12,30,5.0,10,0.00225573,0.04350543,0.05184939
b10r5,42,14,36,5.0,10,0.00229010,0.19170806,0.01194577
b10r5,43,15,45,5.0,10,0.00551646,0.98045031,0.00562646
b1r1,0,13,46,1.0,1,0.21326285,0.23974596,0.88953678
b1r1,1,14,45,1.0,1,0.30042729,0.82286239,0.36510028
b1r1,2,13,31,1.0,1,0.35564786,0.79077233,0.44974748
b1r1,3,12,43,1.0,1,0.36339821,0.99984532,0.36345443
b1r1,4,14,47,1.0,1,0.33828968,0.99799271,0.33897009
b1r1,5,15,39,1.0,1,0.11505933,0.15158827,0.75902529
b1r1,6,14,46,1.0,1,0.28229286,0.56114083,0.50306954
b1r1,7,12,31,1.0,1,0.24945901,0.24995505,0.99801548
b1r1,8,14,49,1.0,1,0.29903130,0.64030534,0.46701360
b1r1,9,10,23,1.0,1,0.23758993,0.50926386,0.46653601
b1r1,10,12,38,1.0,1,0.36820508,0.99988466,0.36824755
b1r1,11,11,36,1.0,1,0.33992262,0.90929527,0.37383085
b1r1,12,14,45,1.0,1,0.22499254,0.22581776,0.99634564
b1r1,13,12,35,1.0,1,0.33000872,0.99096153,0.33301870
b1r1,14,14,34,1.0,1,0.16925840,0.28777447,0.58816336
b1r1,15,14,45,1.0,1,0.26677179,0.34610382,0.77078545
b1r1,16,10,27,1.0,1,0.27212295,0.62552861,0.43502878
b1r1,17,12,37,1.0,1,0.32492264,0.97128225,0.33452958
b1r1,18,10,20,1.0,1,0.33326319,0.99987385,0.33330524
b1r1,19,10,32,1.0,1,0.13807268,0.14619994,0.94440996
b1r1,20,10,24,1.0,1,0.36763055,0.99810966,0.36832681
b1r1,21,11,25,1.0,1,0.32947242,0.99756620,0.33027625
b1r1,22,13,42,1.0,1,0.32814193,0.58216131,0.56366152
b1r1,23,14,37,1.0,1,0.12019080,0.13345136,0.90063376
b1r1,24,11,36,1.0,1,0.21121885,0.21171519,0.99765562
b1r1,25,31,129,1.0,1,0.34894336,0.94846936,0.36790156
b1r1,26,41,111,1.0,1,0.36194967,0.99950549,0.36212875
b1r1,27,43,150,1.0,1,0.19695631,0.26702894,0.73758414
b1r1,28,44,144,1.0,1,0.36826300,0.99997148,0.36827350
b1r1,29,38,148,1.0,1,0.23105855,0.24688838,0.93588264
b1r1,30,44,100,1.0,1,0.27241886,0.80353148,0.33902699
b1r1,31,35,150,1.0,1,0.32421953,0.99396763,0.32618721
b1r1,32,43,102,1.0,1,0.36833211,0.99895788,0.36871636
b1r1,33,37,122,1.0,1,0.36817523,0.99970895,0.36828242
b1r1,34,32,117,1.0,1,0.36704477,0.99984447,0.36710187
b1r1,35,42,133,1.0,1,0.21490880,0.20985636,1.02407571
b1r1,36,31,113,1.0,1,0.31799322,0.98117545,0.32409415
b1r1,37,41,116,1.0,1,0.35456000,0.79408781,0.44649974
b1r1,38,42,126,1.0,1,0.14449387,0.43048608,0.33565283
b1r1,39,13,42,1.0,1,0.19672114,0.26704113,0.73666982
b1r1,40,14,45,1.0,1,0.36369662,0.99295980,0.36627527
b1r1,41,12,30,1.0,1,0.20735247,0.48001341,0.43197224
b1r1,42,14,36,1.0,1,0.21540289,0.58304631,0.36944388
b1r1,43,15,45,1.0,1,0.32187468,0.98948127,0.32529638
b1r10,0,13,46,10.0,1,0.00004395,0.00014233,0.30878943
b1r10,1,14,45,10.0,1,0.00006038,0.50353243,0.00011991
b1r10,2,13,31,10.0,1,0.00009683,0.18866708,0.00051323
b1r10,3,12,43,10.0,1,0.00005623,0.99843397,0.00005632
b1r10,4,14,47,10.0,1,0.00003976,0.99603067,0.00003992
b1r10,5,15,39,10.0,1,0.00002289,0.00027730,0.08254598
b1r10,6,14,46,10.0,1,0.00005745,0.33453782,0.00017173
b1r10,7,12,31,10.0,1,0.00010072,0.02702094,0.00372748
b1r10,8,14,49,10.0,1,0.00002687,0.41764120,0.00006434
b1r10,9,10,23,10.0,1,0.00002548,0.05735739,0.00044423
b1r10,10,12,38,10.0,1,0.00004562,0.99940164,0.00004565
b1r10,11,11,36,10.0,1,0.00003790,0.83468840,0.00004541
b1r10,12,14,45,10.0,1,0.00004731,0.00092774,0.05099489
b1r10,13,12,35,10.0,1,0.00003858,0.98565306,0.00003914
b1r10,14,14,34,10.0,1,0.00002738,0.00671044,0.00408021
b1r10,15,14,45,10.0,1,0.00004275,0.00402347,0.01062516
b1r10,16,10,27,10.0,1,0.00002698,0.44169208,0.00006108
b1r10,17,12,37,10.0,1,0.00003737,0.72479184,0.00005156
b1r10,18,10,20,10.0,1,0.00003887,0.99886416,0.00003891
b1r10,19,10,32,10.0,1,0.00103842,0.00250786,0.41406618
b1r10,20,10,24,10.0,1,0.00005668,0.98937531,0.00005729
b1r10,21,11,25,10.0,1,0.00003802,0.99595734,0.00003817
b1r10,22,13,42,10.0,1,0.00005290,0.00278019,0.01902748
b1r10,23,14,37,10.0,1,0.00014889,0.00051823,0.28730486
b1r10,24,11,36,10.0,1,0.00251747,0.00251438,1.00122893
b1r10,25,31,129,10.0,1,0.00009624,0.92114914,0.00010448
b1r10,26,41,111,10.0,1,0.00009100,0.99835202,0.00009115
b1r10,27,43,150,10.0,1,0.00001101,0.00086807,0.01268331
b1r10,28,44,144,10.0,1,0.00004549,0.99994685,0.00004549
b1r10,29,38,148,10.0,1,0.00695718,0.01298147,0.53593160
b1r10,30,44,100,10.0,1,0.00003006,0.29245481,0.00010279
b1r10,31,35,150,10.0,1,0.00003326,0.99107512,0.00003356
b1r10,32,43,102,10.0,1,0.00005961,0.99757329,0.00005976
b1r10,33,37,122,10.0,1,0.00005416,0.99847085,0.00005424
b1r10,34,32,117,10.0,1,0.00009746,0.98569579,0.00009887
b1r10,35,42,133,10.0,1,0.08373337,0.08168468,1.02508047
b1r10,36,31,113,10.0,1,0.00008327,0.54912241,0.00015164
b1r10,37,41,116,10.0,1,0.00008141,0.01044584,0.00779353
b1r10,38,42,126,10.0,1,0.00002468,0.02240776,0.00110140
b1r10,39,13,42,10.0,1,0.00003586,0.00077071,0.04652853
b1r10,40,14,45,10.0,1,0.00010575,0.83588287,0.00012651
b1r10,41,12,30,10.0,1,0.00001394,0.03302480,0.00042211
b1r10,42,14,36,10.0,1,0.00004604,0.10140936,0.00045400
b1r10,43,15,45,10.0,1,0.00007825,0.93777175,0.00008344
b1r5,0,13,46,5.0,1,0.00238658,0.00644326,0.37039946
b1r5,1,14,45,5.0,1,0.00475905,0.75294582,0.00632057
b1r5,2,13,31,5.0,1,0.00651863,0.35122118,0.01855990
b1r5,3,12,43,5.0,1,0.00666142,0.99957499,0.00666425
b1r5,4,14,47,5.0,1,0.00593739,0.99691494,0.00595576
b1r5,5,15,39,5.0,1,0.00158182,0.00642965,0.24601961
b1r5,6,14,46,5.0,1,0.00426901,0.37834686,0.01128332
b1r5,7,12,31,5.0,1,0.00405756,0.03439036,0.11798539
b1r5,8,14,49,5.0,1,0.00415087,0.44574598,0.00931219
b1r5,9,10,23,5.0,1,0.00341281,0.07924325,0.04306752
b1r5,10,12,38,5.0,1,0.00675139,0.99974014,0.00675314
b1r5,11,11,36,5.0,1,0.00567449,0.84172759,0.00674148
b1r5,12,14,45,5.0,1,0.00266970,0.00495989,0.53825790
b1r5,13,12,35,5.0,1,0.00575920,0.98699258,0.00583510
b1r5,14,14,34,5.0,1,0.00204561,0.02093874,0.09769499
b1r5,15,14,45,5.0,1,0.00393876,0.02749867,0.14323456
b1r5,16,10,27,5.0,1,0.00409056,0.46654501,0.00876777
b1r5,17,12,37,5.0,1,0.00556582,0.77241742,0.00720572
b1r5,18,10,20,5.0,1,0.00579643,0.99963565,0.00579854
b1r5,19,10,32,5.0,1,0.01487415,0.02234135,0.66576774
b1r5,20,10,24,5.0,1,0.00677464,0.99662238,0.00679760
b1r5,21,11,25,5.0,1,0.00564022,0.99633695,0.00566096
b1r5,22,13,42,5.0,1,0.00548210,0.05465081,0.10031141
b1r5,23,14,37,5.0,1,0.00556927,0.00996586,0.55883486
b1r5,24,11,36,5.0,1,0.02830248,0.02831675,0.99949606
b1r5,25,31,129,5.0,1,0.00644614,0.93233044,0.00691401
b1r5,26,41,111,5.0,1,0.00663202,0.99843946,0.00664239
b1r5,27,43,150,5.0,1,0.00202060,0.02127551,0.09497305
b1r5,28,44,144,5.0,1,0.00674638,0.99996574,0.00674661
b1r5,29,38,148,5.0,1,0.04697231,0.06489972,0.72376753
b1r5,30,44,100,5.0,1,0.00449437,0.39619078,0.01134395
b1r5,31,35,150,5.0,1,0.00505046,0.99113526,0.00509563
b1r5,32,43,102,5.0,1,0.00678448,0.99842880,0.00679516
b1r5,33,37,122,5.0,1,0.00677841,0.99937607,0.00678264
b1r5,34,32,117,5.0,1,0.00682673,0.99929651,0.00683154
b1r5,35,42,133,5.0,1,0.14095360,0.13758456,1.02448705
b1r5,36,31,113,5.0,1,0.00507556,0.93149127,0.00544885
b1r5,37,41,116,5.0,1,0.00643408,0.06672914,0.09642084
b1r5,38,42,126,5.0,1,0.00149998,0.08867073,0.01691629
b1r5,39,13,42,5.0,1,0.00267700,0.02061952,0.12982843
b1r5,40,14,45,5.0,1,0.00666422,0.94536342,0.00704937
b1r5,41,12,30,5.0,1,0.00226786,0.06026082,0.03763407
b1r5,42,14,36,5.0,1,0.00233016,0.21725316,0.01072555
b1r5,43,15,45,5.0,1,0.00552935,0.97967860,0.00564404
rw_b10r1,0,7,26,1.0,10,0.31354165,0.36014808,0.87059092
rw_b10r1,1,8,29,1.0,10,0.35641934,0.38594296,0.92350263
rw_b10r1,2,11,43,1.0,10,0.36665026,0.99986934,0.36669817
rw_b10r1,3,11,11,1.0,10,0.00026461,0.00019225,1.37638492
rw_b10r1,4,12,37,1.0,10,0.31333313,0.96722033,0.32395218
rw_b10r1,5,18,18,1.0,10,0.00985973,0.01021797,0.96494020
rw_b10r1,6,45,45,1.0,10,0.32362330,0.87112863,0.37149887
rw_b10r1,7,25,25,1.0,10,0.00104021,0.00096452,1.07847427
rw_b10r1,8,9,9,1.0,10,0.00596195,0.00620365,0.96103907
rw_b10r1,9,27,27,1.0,10,0.01287842,0.01304375,0.98732496
rw_b10r1,10,6,6,1.0,10,0.00000000,0.00000072,0.00000000
rw_b10r1,11,21,21,1.0,10,0.01054703,0.00896988,1.17582732
rw_b10r1,12,22,22,1.0,10,0.11688957,0.11807521,0.98995860
rw_b10r1,13,53,53,1.0,10,0.00000000,0.00000000,nan
rw_b10r1,14,25,25,1.0,10,0.19926576,0.48763299,0.40863880
rw_b10r1,15,10,10,1.0,10,0.02246476,0.02132042,1.05367343
rw_b10r1,16,23,23,1.0,10,0.00209326,0.00214706,0.97494248
rw_b10r1,17,34,34,1.0,10,0.00122791,0.00174427,0.70396785
rw_b10r1,18,22,22,1.0,10,0.11688957,0.11807521,0.98995860
rw_b10r1,19,23,23,1.0,10,0.00216792,0.00285015,0.76063365
rw_b10r1,20,30,30,1.0,10,0.36836198,0.99992705,0.36838885
rw_b10r1,21,16,16,1.0,10,0.00838451,0.00845948,0.99113775
rw_b10r1,22,27,27,1.0,10,0.05964717,0.10894153,0.54751544
rw_b10r10,0,7,26,10.0,10,0.00011833,0.00043654,0.27106336
rw_b10r10,1,8,29,10.0,10,0.00008681,0.02050504,0.00423359
rw_b10r10,2,11,43,10.0,10,0.00004520,0.99967490,0.00004521
rw_b10r10,3,11,11,10.0,10,0.00002953,0.00001927,1.53243383
rw_b10r10,4,12,37,10.0,10,0.00003101,0.80931642,0.00003832
rw_b10r10,5,18,18,10.0,10,0.00135032,0.00304928,0.44283241
rw_b10r10,6,45,45,10.0,10,0.00007880,0.85210992,0.00009248
rw_b10r10,7,25,25,10.0,10,0.00046051,0.00027903,1.65039601
rw_b10r10,8,9,9,10.0,10,0.00117952,0.00120088,0.98221304
rw_b10r10,9,27,27,10.0,10,0.00554433,0.00582807,0.95131493
rw_b10r10,10,6,6,10.0,10,0.00000000,0.00000004,0.00000000
rw_b10r10,11,21,21,10.0,10,0.00079802,0.00064897,1.22967163
rw_b10r10,12,22,22,10.0,10,0.06001585,0.06088027,0.98580131
rw_b10r10,13,53,53,10.0,10,0.00000000,0.00000000,nan
rw_b10r10,14,25,25,10.0,10,0.00003194,0.38940491,0.00008202
rw_b10r10,15,10,10,10.0,10,0.00523971,0.00486421,1.07719650
rw_b10r10,16,23,23,10.0,10,0.00103756,0.00108005,0.96065923
rw_b10r10,17,34,34,10.0,10,0.00057061,0.00097089,0.58771849
rw_b10r10,18,22,22,10.0,10,0.06001585,0.06088027,0.98580131
rw_b10r10,19,23,23,10.0,10,0.00056026,0.00082887,0.67593229
rw_b10r10,20,30,30,10.0,10,0.00006464,0.99984763,0.00006465
rw_b10r10,21,16,16,10.0,10,0.00209599,0.00183211,1.14403065
rw_b10r10,22,27,27,10.0,10,0.00003916,0.02179541,0.00179671
rw_b10r5,0,7,26,5.0,10,0.00500497,0.01272070,0.39345083
rw_b10r5,1,8,29,5.0,10,0.00643444,0.07785544,0.08264599
rw_b10r5,2,11,43,5.0,10,0.00670241,0.99979470,0.00670379
rw_b10r5,3,11,11,5.0,10,0.00009470,0.00006625,1.42943396
rw_b10r5,4,12,37,5.0,10,0.00480033,0.83765686,0.00573066
rw_b10r5,5,18,18,5.0,10,0.00386763,0.00519278,0.74480914
rw_b10r5,6,45,45,5.0,10,0.00599247,0.86552422,0.00692352
rw_b10r5,7,25,25,5.0,10,0.00066475,0.00047842,1.38946950
rw_b10r5,8,9,9,5.0,10,0.00257475,0.00257327,1.00057514
rw_b10r5,9,27,27,5.0,10,0.00857337,0.00885610,0.96807511
rw_b10r5,10,6,6,5.0,10,0.00000000,0.00000019,0.00000000
rw_b10r5,11,21,21,5.0,10,0.00279075,0.00234973,1.18768965
rw_b10r5,12,22,22,5.0,10,0.08304008,0.08400229,0.98854543
rw_b10r5,13,53,53,5.0,10,0.00000000,0.00000000,nan
rw_b10r5,14,25,25,5.0,10,0.00369400,0.45719664,0.00807967
rw_b10r5,15,10,10,5.0,10,0.01093024,0.01027884,1.06337291
rw_b10r5,16,23,23,5.0,10,0.00149121,0.00153603,0.97082088
rw_b10r5,17,34,34,5.0,10,0.00085766,0.00131159,0.65390861
rw_b10r5,18,22,22,5.0,10,0.08304008,0.08400229,0.98854543
rw_b10r5,19,23,23,5.0,10,0.00105253,0.00148420,0.70915645
rw_b10r5,20,30,30,5.0,10,0.00678907,0.99989361,0.00678979
rw_b10r5,21,16,16,5.0,10,0.00384269,0.00362247,1.06079277
rw_b10r5,22,27,27,5.0,10,0.00114718,0.03518174,0.03260726
rw_b1r1,0,7,26,1.0,1,0.31346781,0.36050435,0.86952574
rw_b1r1,1,8,29,1.0,1,0.35643280,0.41070521,0.86785556
rw_b1r1,2,11,43,1.0,1,0.36676356,0.99990403,0.36679876
rw_b1r1,3,11,11,1.0,1,0.00026461,0.00019225,1.37638492
rw_b1r1,4,12,37,1.0,1,0.31323798,0.96757860,0.32373389
rw_b1r1,5,18,18,1.0,1,0.00985973,0.01021797,0.96494020
rw_b1r1,6,45,45,1.0,1,0.69961558,0.69903686,1.00082788
rw_b1r1,7,25,25,1.0,1,0.00104021,0.00096452,1.07847427
rw_b1r1,8,9,9,1.0,1,0.00596195,0.00620365,0.96103907
rw_b1r1,9,27,27,1.0,1,0.01287842,0.01304375,0.98732496
rw_b1r1,10,6,6,1.0,1,0.00000000,0.00000072,0.00000000
rw_b1r1,11,21,21,1.0,1,0.01054703,0.00896988,1.17582732
rw_b1r1,12,22,22,1.0,1,0.11688957,0.11807521,0.98995860
rw_b1r1,13,53,53,1.0,1,0.00000000,0.00000000,nan
rw_b1r1,14,25,25,1.0,1,0.47662811,0.47292093,1.00783890
rw_b1r1,15,10,10,1.0,1,0.02246476,0.02132042,1.05367343
rw_b1r1,16,23,23,1.0,1,0.00209326,0.00214706,0.97494248
rw_b1r1,17,34,34,1.0,1,0.00122791,0.00174427,0.70396785
rw_b1r1,18,22,22,1.0,1,0.11688957,0.11807521,0.98995860
rw_b1r1,19,23,23,1.0,1,0.00216792,0.00285015,0.76063365
rw_b1r1,20,30,30,1.0,1,0.36834246,0.99994056,0.36836436
rw_b1r1,21,16,16,1.0,1,0.00838451,0.00845948,0.99113775
rw_b1r1,22,27,27,1.0,1,0.11610095,0.14405213,0.80596483
rw_b1r10,0,7,26,10.0,1,0.00046444,0.00046200,1.00528139
rw_b1r10,1,8,29,10.0,1,0.01830037,0.01915408,0.95542934
rw_b1r10,2,11,43,10.0,1,0.00006529,0.99942423,0.00006533
rw_b1r10,3,11,11,10.0,1,0.00002953,0.00001927,1.53243383
rw_b1r10,4,12,37,10.0,1,0.00003144,0.81946760,0.00003837
rw_b1r10,5,18,18,10.0,1,0.00135032,0.00304928,0.44283241
rw_b1r10,6,45,45,10.0,1,0.23485583,0.23340543,1.00621408
rw_b1r10,7,25,25,10.0,1,0.00046051,0.00027903,1.65039601
rw_b1r10,8,9,9,10.0,1,0.00117952,0.00120088,0.98221304
rw_b1r10,9,27,27,10.0,1,0.00554433,0.00582807,0.95131493
rw_b1r10,10,6,6,10.0,1,0.00000000,0.00000004,0.00000000
rw_b1r10,11,21,21,10.0,1,0.00079802,0.00064897,1.22967163
rw_b1r10,12,22,22,10.0,1,0.06001585,0.06088027,0.98580131
rw_b1r10,13,53,53,10.0,1,0.00000000,0.00000000,nan
rw_b1r10,14,25,25,10.0,1,0.19545644,0.19378602,1.00861992
rw_b1r10,15,10,10,10.0,1,0.00523971,0.00486421,1.07719650
rw_b1r10,16,23,23,10.0,1,0.00103756,0.00108005,0.96065923
rw_b1r10,17,34,34,10.0,1,0.00057061,0.00097089,0.58771849
rw_b1r10,18,22,22,10.0,1,0.06001585,0.06088027,0.98580131
rw_b1r10,19,23,23,10.0,1,0.00056026,0.00082887,0.67593229
rw_b1r10,20,30,30,10.0,1,0.00007246,0.99987719,0.00007247
rw_b1r10,21,16,16,10.0,1,0.00209599,0.00183211,1.14403065
rw_b1r10,22,27,27,10.0,1,0.00915520,0.05713692,0.16023265
rw_b1r5,0,7,26,5.0,1,0.00485848,0.01212624,0.40065841
rw_b1r5,1,8,29,5.0,1,0.00641816,0.07810048,0.08217824
rw_b1r5,2,11,43,5.0,1,0.00676386,0.99977286,0.00676540
rw_b1r5,3,11,11,5.0,1,0.00009470,0.00006625,1.42943396
rw_b1r5,4,12,37,5.0,1,0.00483858,0.84774545,0.00570759
rw_b1r5,5,18,18,5.0,1,0.00386763,0.00519278,0.74480914
rw_b1r5,6,45,45,5.0,1,0.37969593,0.37804603,1.00436428
rw_b1r5,7,25,25,5.0,1,0.00066475,0.00047842,1.38946950
rw_b1r5,8,9,9,5.0,1,0.00257475,0.00257327,1.00057514
rw_b1r5,9,27,27,5.0,1,0.00857337,0.00885610,0.96807511
rw_b1r5,10,6,6,5.0,1,0.00000000,0.00000019,0.00000000
rw_b1r5,11,21,21,5.0,1,0.00279075,0.00234973,1.18768965
rw_b1r5,12,22,22,5.0,1,0.08304008,0.08400229,0.98854543
rw_b1r5,13,53,53,5.0,1,0.00000000,0.00000000,nan
rw_b1r5,14,25,25,5.0,1,0.30729573,0.30479250,1.00821290
rw_b1r5,15,10,10,5.0,1,0.01093024,0.01027884,1.06337291
rw_b1r5,16,23,23,5.0,1,0.00149121,0.00153603,0.97082088
rw_b1r5,17,34,34,5.0,1,0.00085766,0.00131159,0.65390861
rw_b1r5,18,22,22,5.0,1,0.08304008,0.08400229,0.98854543
rw_b1r5,19,23,23,5.0,1,0.00105253,0.00148420,0.70915645
rw_b1r5,20,30,30,5.0,1,0.00680346,0.99991290,0.00680405
rw_b1r5,21,16,16,5.0,1,0.00384269,0.00362247,1.06079277
rw_b1r5,22,27,27,5.0,1,0.03500105,0.09281014,0.37712528
